ano,tabela,arquivo,sha256,data_download
2019,escola,microdados_ed_basica_2019.csv,d3f315b5a5f3145b139ae8bcee920bb0f3a804e8deb63263a2de9633e9c1d9fe,2026-09-15
2020,escola,microdados_ed_basica_2020.CSV,cba48906eb0d2c1f3ea320505bcfdf875e59730d43212f821c19c649e53aa48d,2026-09-15
2021,escola,microdados_ed_basica_2021.csv,96c1d0f4637fda8dcb6d8cbf2ad284e15ab7089dafa773e29404f58b4f215cb2,2026-09-15
2022,escola,microdados_ed_basica_2022.csv,dfa3b5e8ce977f4e650c84c19b741e063f4c94fe63841c6cbce60831deb52602,2026-09-09
2023,escola,microdados_ed_basica_2023.csv,b2dd87c32cf25af4af89202adb908d17b0d3fea99e2ea046229aa86a9d69679a,2026-09-09
2024,escola,microdados_ed_basica_2024.csv,3fb4d93c714b7d9303e34430f0287ca102bf984a4769d5abaca21eb4d1453bc9,2026-09-09
2025,docente,Tabela_Docente_2025_V2.csv,058e5fde6280db184759423eab69a4fceb3da399b5c0da835e34ceaec61ffefa,2026-09-09
2025,escola,Tabela_Escola_2025_V2.csv,f737d25dc5e80879e08f868d06d55f2bc1178cbb893dc14589a2123151f5b523,2026-09-09
2025,matricula,Tabela_Matricula_2025_V2.csv,8669605094c7ea797a33cbec8ef1490c57f094f2dc6d8bbb1964a6522adb57f0,2026-09-09
2025,turma,Tabela_Turma_2025_V2.csv,be3832b6af9c1f3717262336c4d764b480cdc063f9ead17467155a7346cb9102,2026-09-09
2019,indicador_ATU_brasil_regioes_ufs,brutos-inep/ATU_2019_BRASIL_REGIOES_UFS.zip,77780700c2717c192ab6fc286cbb1593e77995794b90033f6bb2cebab643bc5a,2026-09-15
2019,indicador_ATU_escolas,brutos-inep/ATU_2019_ESCOLAS.zip,ed8e254dd43794550e70fd3583d79fa0e68061a90a3b528d641fe7a52c870cc0,2026-09-15
2019,indicador_ATU_municipios,brutos-inep/ATU_2019_MUNICIPIOS.zip,e01f5ae585f3b027a21d413f0e8d3d5d20c36e31a9a7c0c99d754e99ffc2fb9b,2026-09-15
2020,indicador_ATU_brasil_regioes_ufs,brutos-inep/ATU_2020_BRASIL_REGIOES_UFS.zip,a3ef150829a73ac50d48985bb23e8fe23a86ffaa61e2ba98d27e85bb2e6aab4d,2026-09-15
2020,indicador_ATU_escolas,brutos-inep/ATU_2020_ESCOLAS.zip,62852cc70c4085be5d98e2f42737a282d67a26a3c8d4f7f00904d29af74f546f,2026-09-15
2020,indicador_ATU_municipios,brutos-inep/ATU_2020_MUNICIPIOS.zip,8d62c85cde9f5109b43efe4a8cd67b54a07be59b8afb125d393735bcb2a0a4dc,2026-09-15
2021,indicador_ATU_brasil_regioes_ufs,brutos-inep/ATU_2021_BRASIL_REGIOES_UFS.zip,d553dc5a78f0f310282a0376751c76cda09694a0423efc6058a393e277bd43f5,2026-09-15
2021,indicador_ATU_escolas,brutos-inep/ATU_2021_ESCOLAS.zip,a1f9490a3bd5179eeb9c189827377c617b9f2e75510aff7b00e672008e7d0956,2026-09-15
2021,indicador_ATU_municipios,brutos-inep/ATU_2021_MUNICIPIOS.zip,37b74acc403b8dcb932ebfd81e4732a81298e110327be58d537ff56028872296,2026-09-15
2022,indicador_ATU_brasil_regioes_ufs,brutos-inep/ATU_2022_BRASIL_REGIOES_UFS.zip,2bfa3017609f987fde694e9954c6b98f1b3b8c97b20efb4360053aeabdcf7123,2026-09-15
2022,indicador_ATU_escolas,brutos-inep/ATU_2022_ESCOLAS.zip,ab6bc8cf9e0857fd0e841d9ebe632fa53018ebbce371f6b5fbc68d00e1c5326b,2026-09-15
2022,indicador_ATU_municipios,brutos-inep/ATU_2022_MUNICIPIOS.zip,c5f26e0ac826c0678000e2e45f2aa9ecad6c6a09daef75438c264370ca07985d,2026-09-15
2023,indicador_ATU_brasil_regioes_ufs,brutos-inep/ATU_2023_BRASIL_REGIOES_UFS.zip,8e9cd586a4851abb460f3a450bc3436fd82f405dac6c336f4399fece9efc3500,2026-09-15
2023,indicador_ATU_escolas,brutos-inep/ATU_2023_ESCOLAS.zip,f87643b20cd71b86c1036d0834e120ef79c68bc66defba713826383b5d87d980,2026-09-15
2023,indicador_ATU_municipios,brutos-inep/ATU_2023_MUNICIPIOS.zip,ea7f31a363dacaef1279b850e5f895c4e268ff92dfa31abe7819427520c5b999,2026-09-15
2024,indicador_ATU_brasil_regioes_ufs,brutos-inep/ATU_2024_BRASIL_REGIOES_UFS.zip,cefc3dcbeaa10796c1d3803755656a72353f874298de7f1a64df625093080936,2026-09-15
2024,indicador_ATU_escolas,brutos-inep/ATU_2024_ESCOLAS.zip,c120bb1630f5b84dea048f25a14857b1887d8d77c833d3bd20673af6eca6c421,2026-09-15
2024,indicador_ATU_municipios,brutos-inep/ATU_2024_MUNICIPIOS.zip,de458e95333764b846dfb1859a99e0474a6a0de9dbf77b4fe107b6f4ab7486e7,2026-09-15
2025,indicador_ATU_brasil_regioes_ufs,brutos-inep/ATU_2025_BRASIL_REGIOES_UFS.zip,bc1bcf367a5233258d0dddfbd60376b914dc1f823ac412680d467dc4100ca69d,2026-09-09
2025,indicador_ATU_escolas,brutos-inep/ATU_2025_ESCOLAS.zip,1adeedde061bb2f41e9542b6165970eca3e14dccb344df8c5bdb068bbb355417,2026-09-09
2025,indicador_HAD_brasil_regioes_ufs,brutos-inep/HAD_2025_BRASIL_REGIOES_UFS.zip,337c89d28d3aa39e20aee17009dc323ac96f1eab729ab6813a2bd9b90182ce45,2026-09-09
2025,indicador_HAD_escolas,brutos-inep/HAD_2025_ESCOLAS.zip,918f34dec613a97249fab08996bf1d7c39fe56e2b8149de1ffce7168aee3914c,2026-09-09
2025,indicador_HAD_municipios,brutos-inep/HAD_2025_MUNICIPIOS.zip,93faecce49027679448c02d3c66da74fbd424a46f972838ab35dc547c81f8849,2026-09-09
2019,indicador_IED_brasil_regioes_ufs,brutos-inep/IED_2019_BRASIL_REGIOES_UFS.zip,add40ec48e7085ef04190659ab528bc264f5e3e0b615674b3080beae2f02f020,2026-09-15
2020,indicador_IED_brasil_regioes_ufs,brutos-inep/IED_2020_BRASIL_REGIOES_UFS.zip,afb09d6c099cc03c7e02573a98b212b04a51cf131c8fc448e7f7f97213cfad0b,2026-09-15
2020,indicador_IED_municipios,brutos-inep/IED_2020_MUNICIPIOS.zip,dd176e779a5bf2018f215b33514a3f38a2f9e689d3134ac16d16042ba77f2e01,2026-09-15
2021,indicador_IED_brasil_regioes_ufs,brutos-inep/IED_2021_BRASIL_REGIOES_UFS.zip,c9652de166de15d7fa1daa12666b5adaf756b6cbe7657c93064f6bb3374bb1be,2026-09-15
2021,indicador_IED_escolas,brutos-inep/IED_2021_ESCOLAS.zip,987677971c0a80e75d418f4a0f1fbdc5fc899511f738c5810c9f58519d38cde2,2026-09-15
2021,indicador_IED_municipios,brutos-inep/IED_2021_MUNICIPIOS.zip,2c22dc6dff0a476c4e75fc6ed7db53309ef7fa8538b0e81d476b9ed09ee23a33,2026-09-15
2022,indicador_IED_brasil_regioes_ufs,brutos-inep/IED_2022_BRASIL_REGIOES_UFS.zip,e37ebf07c4aabf77d712556e84baa130f44563b2ee80959d72c9dbf3f5b3843d,2026-09-15
2022,indicador_IED_escolas,brutos-inep/IED_2022_ESCOLAS.zip,13dda68bbcb24c8d4973822f3d4921b399da97d7c8bf55edaab470eeb0ed9c70,2026-09-15
2022,indicador_IED_municipios,brutos-inep/IED_2022_MUNICIPIOS.zip,6072d642479beb75fdf579905e4480f615cb40eff646eb8af68f99d303b51788,2026-09-15
2023,indicador_IED_brasil_regioes_ufs,brutos-inep/IED_2023_BRASIL_REGIOES_UFS.zip,e887a36027523eac3462bca4bd3b76e28b8cd9a247b6010abc833ebe83d50247,2026-09-15
2023,indicador_IED_escolas,brutos-inep/IED_2023_ESCOLAS.zip,945c905429aec74ae86c5101ae553b20d7f66e606d61791f772fc99232060299,2026-09-15
2023,indicador_IED_municipios,brutos-inep/IED_2023_MUNICIPIOS.zip,1dfe22954b79f6f9524ea0e8a6d2f3391fd18c22dd0443e3c37cf1907dbfc206,2026-09-15
2024,indicador_IED_brasil_regioes_ufs,brutos-inep/IED_2024_BRASIL_REGIOES_UFS.zip,3159f0c36681e16b3a804067064af27c9fea6d97910836a33e755e9137b50fd3,2026-09-15
2024,indicador_IED_escolas,brutos-inep/IED_2024_ESCOLAS.zip,857b1aa4f0ebc97cdb53926f781ffabd6d048a9392cbc2b6f7569ba1bb358069,2026-09-15
2024,indicador_IED_municipios,brutos-inep/IED_2024_MUNICIPIOS.zip,676c04c5a098ddc2ee26c4e6457b99cc5e35ab39b0829f1d88cc017f662684ea,2026-09-15
2025,indicador_IED_brasil_regioes_ufs,brutos-inep/IED_2025_BRASIL_REGIOES_UFS.zip,a4a61f03b81a8b0315da7be149af431756df5cad746f8cae974d483738940e20,2026-09-09
2025,indicador_IED_escolas,brutos-inep/IED_2025_ESCOLAS.zip,cfab101f6915570600c603fb36fd75f095ccca73b03819c0b1c821df049b40e3,2026-09-09
2025,indicador_IED_municipios,brutos-inep/IED_2025_MUNICIPIOS.zip,71f3b158b663081c0a1f83adb0f87cf5719187784ef48c6452663e7cb3d9e3db,2026-09-09
2019,indicador_TDI_brasil_regioes_ufs,brutos-inep/TDI_2019_BRASIL_REGIOES_UFS.zip,575cb3ca3c555f79d02ee6d0a5231acc62c4bb9769f8ffc9d3c0d413e2c7a4ef,2026-09-15
2019,indicador_TDI_escolas,brutos-inep/TDI_2019_ESCOLAS.zip,503552bc2fa250d3acab4d8b1a52d682f8f592b4711ec24870d2347f578647f4,2026-09-15
2019,indicador_TDI_municipios,brutos-inep/TDI_2019_MUNICIPIOS.zip,1f43859ed2143e2f95b0561b8e0076ad8188ba5872d4107648cadfaa402ac043,2026-09-15
2020,indicador_TDI_brasil_regioes_ufs,brutos-inep/TDI_2020_BRASIL_REGIOES_UFS.zip,dd7e7a3c79767d27d7232d01c7444335a4ffe0f0229fbd65046b0274c347aaa4,2026-09-15
2020,indicador_TDI_escolas,brutos-inep/TDI_2020_ESCOLAS.zip,3b0ca0ecd7d5349e4cfd7c228dbef09372fe8b38d90c8f60e4c0817dbfd907da,2026-09-15
2020,indicador_TDI_municipios,brutos-inep/TDI_2020_MUNICIPIOS.zip,7669b1e33368d25d87431c9f07fe1b31362cfd574754c6867d5d70c61e73bc82,2026-09-15
2021,indicador_TDI_brasil_regioes_ufs,brutos-inep/TDI_2021_BRASIL_REGIOES_UFS.zip,b4c874e7965f04521a89985f037795e41a744a2e0a4570a7e2a3be281ec370c6,2026-09-15
2021,indicador_TDI_escolas,brutos-inep/TDI_2021_ESCOLAS.zip,6065e626556f0162401b1d225ddfdfb8b0f5cc22cf89e7dcb99a062584722423,2026-09-15
2021,indicador_TDI_municipios,brutos-inep/TDI_2021_MUNICIPIOS.zip,d42183db9b66dd45f30268560305bf94bfe08fc757be496678a89e9e5055b797,2026-09-15
2022,indicador_TDI_brasil_regioes_ufs,brutos-inep/TDI_2022_BRASIL_REGIOES_UFS.zip,50985dff8ed2834ecc3cf1a0a9f59f32364476f19a0e059dcff812cf70ee5088,2026-09-15
2022,indicador_TDI_escolas,brutos-inep/TDI_2022_ESCOLAS.zip,23eeaee0096a4014252a3b6ae21ab54ea737b4fbe6efcc12cca15c446b0d1eba,2026-09-15
2022,indicador_TDI_municipios,brutos-inep/TDI_2022_MUNICIPIOS.zip,30ca963d8accdcd7a3715e996e00720e872731d1e08491253d48304c6f263f0b,2026-09-15
2023,indicador_TDI_brasil_regioes_ufs,brutos-inep/TDI_2023_BRASIL_REGIOES_UFS.zip,ef961d0bf76260ce04d94af5fbb3b90993a0c2f5718b0bcce1f92391be0b6c71,2026-09-15
2023,indicador_TDI_escolas,brutos-inep/TDI_2023_ESCOLAS.zip,4107d5a5b6c3ce1af63d0ce4ec1bf4187889f49b782c4a78b599579698c72ac0,2026-09-15
2023,indicador_TDI_municipios,brutos-inep/TDI_2023_MUNICIPIOS.zip,5e32e9d6dabac1a16f10c20e75c696f953c8da4a26d284930c254bc729f4aa73,2026-09-15
2024,indicador_TDI_brasil_regioes_ufs,brutos-inep/TDI_2024_BRASIL_REGIOES_UFS.zip,11184370cf2910bfa7797be9ce95100e29c8cf8e2e8c976a07750c43682ce731,2026-09-15
2024,indicador_TDI_escolas,brutos-inep/TDI_2024_ESCOLAS.zip,8018c5af4d3ac95fd9bc7a169c63fcd06c64894e075f1f7a44ad8ae61b68b3ac,2026-09-15
2024,indicador_TDI_municipios,brutos-inep/TDI_2024_MUNICIPIOS.zip,921bf32207949cdc29e40554fdb68b65e914daf019ce5358054deb60401d5bdf,2026-09-15
2025,indicador_TDI_brasil_regioes_ufs,brutos-inep/TDI_2025_BRASIL_REGIOES_UFS.zip,4c81792fccfaea4ee858b4651d651af2405fc8c18793f625c01a92639a86b0c9,2026-09-15
2025,indicador_TDI_escolas,brutos-inep/TDI_2025_ESCOLAS.zip,352b1ce726bb33f56a0141e91e547919ef786b391c30708a21060f8a4af9a858,2026-09-09
2025,indicador_TDI_municipios,brutos-inep/TDI_2025_MUNICIPIOS (1).zip,91f8f4c9f3609c7c3c9d4af9318371d6ab9c91c13e8dadeaef3e56e7a5c38a9b,2026-09-15
2025,indicador_TDI_municipios,brutos-inep/TDI_2025_MUNICIPIOS.zip,91f8f4c9f3609c7c3c9d4af9318371d6ab9c91c13e8dadeaef3e56e7a5c38a9b,2026-09-09
2019,indicador_tx_rend_brasil_regioes_ufs,brutos-inep/tx_rend_brasil_regioes_ufs_2019.zip,24a0b2471a0bcc249097be6f15a46edb9a3d9996dd5824747f02c0a0733529ce,2026-09-15
2020,indicador_tx_rend_brasil_regioes_ufs,brutos-inep/tx_rend_brasil_regioes_ufs_2020.zip,febf857b53ef9c0cfafa80740fd4238363ab31b69458907ce705d275956ab4c4,2026-09-15
2021,indicador_tx_rend_brasil_regioes_ufs,brutos-inep/tx_rend_brasil_regioes_ufs_2021.zip,f2a5cd3cb0ef6f5b29242c9870fd34be7654850aeb5ebdd117bf7c60226595c1,2026-09-15
2022,indicador_tx_rend_brasil_regioes_ufs,brutos-inep/tx_rend_brasil_regioes_ufs_2022.zip,1ff22afb3ed6e3d2112c3326fad71576a246f23d352db8d9c4d0a87c058fd974,2026-09-15
2023,indicador_tx_rend_brasil_regioes_ufs,brutos-inep/tx_rend_brasil_regioes_ufs_2023.zip,544353afb2bde2a00b9ef3538f7e74259fbe68ac6fd74dae418e08f8d70fb16d,2026-09-15
2024,indicador_tx_rend_brasil_regioes_ufs,brutos-inep/tx_rend_brasil_regioes_ufs_2024.zip,669ee147173154ab5d285e5a68ae1b4b16bd37fd586bf4783cca4708ac6f1075,2026-09-15
2019,indicador_tx_rend_escolas,brutos-inep/tx_rend_escolas_2019.zip,05a86863f0c4905c445641d666ca4743de8d845deeaf120940d997327f6662ce,2026-09-15
2020,indicador_tx_rend_escolas,brutos-inep/tx_rend_escolas_2020.zip,80aeb4d2775201f72af72a330b723b55e65b02cf10841a211b8e6143873beada,2026-09-15
2021,indicador_tx_rend_escolas,brutos-inep/tx_rend_escolas_2021.zip,8d069b90ca2f61ef172b7d700a6b1fdb79466a66292e9b538a29f134b24b76a9,2026-09-15
2022,indicador_tx_rend_escolas,brutos-inep/tx_rend_escolas_2022.zip,57c43800bc633dbce07ac652d4f1606de2807390890cc27e26d52c1052ee6951,2026-09-15
2023,indicador_tx_rend_escolas,brutos-inep/tx_rend_escolas_2023.zip,a9d50be87440cba6f78b9595b01d6e4b60b7b8eac7b27b8051566c40f2038fb9,2026-09-15
2024,indicador_tx_rend_escolas,brutos-inep/tx_rend_escolas_2024.zip,f6697abec0930917b47f80439c996020fd019a2b8096507831d3de10d312d5d7,2026-09-15
2025,indicador_tx_rend_escolas,brutos-inep/tx_rend_escolas_2025.zip,483335234fed7d3f1880d00eefb1f0e1d23ffc3807c1c7f6caf9795db63e0b92,2026-09-09
2019,indicador_tx_rend_municipios,brutos-inep/tx_rend_municipios_2019.zip,6a163d80fcec98a9f2244368c268be00042273edd75b9f91d7360e8d91aa5d4d,2026-09-15
2020,indicador_tx_rend_municipios,brutos-inep/tx_rend_municipios_2020.zip,aa8baf9e88ba5fa0f634c5851f8c5f7dc0398020496706a80d73c8bafd77ef0e,2026-09-15
2021,indicador_tx_rend_municipios,brutos-inep/tx_rend_municipios_2021.zip,db50a747b744ed83bcbea9e4f6a3ebe18944aa63951b6a828d6c73fde8e946e8,2026-09-15
2022,indicador_tx_rend_municipios,brutos-inep/tx_rend_municipios_2022.zip,87d8b33c1a7b9582a758283eb855c84ca080d3c1ef1d5cd781e59ed304de6659,2026-09-15
2023,indicador_tx_rend_municipios,brutos-inep/tx_rend_municipios_2023.zip,574de50d82cdd12af7674e2f7e1089ce98d0571b7f0bb36e1d102f985e577b6a,2026-09-15
2024,indicador_tx_rend_municipios,brutos-inep/tx_rend_municipios_2024.zip,57efe4b7e0387bdf2d80c72bb75dfef9f14a35a30daceba8d05fcf75faede976,2026-09-15
2025,indicador_tx_rend_municipios,brutos-inep/tx_rend_municipios_2025.zip,69d238494d4dec7aa537403354e5730ccb1191ccc76705b0e77deb892eff63b2,2026-09-09
,documentacao,doc-censo/Leia-me-2021.pdf,1644d48d4a38d01364a81e01cee1fa223da12f06311eecd3a3c22e6e6398f894,2026-09-15
,documentacao,doc-censo/Nota-2021.pdf,b0fea2639bfa315e2ba196183832f1ee1ea0911c2f2917ef9dd033ae9a3ff23c,2026-09-15
