variavel,pct_ausente_publicas
ANO,0.0
ANO_ALVO,15.7
CO_ENTIDADE,0.0
NO_ENTIDADE,0.0
CO_MUNICIPIO,0.0
NO_MUNICIPIO,0.0
LOCALIZACAO,0.0
DEPENDENCIA,0.0
REDE_PUBLICA,0.0
DISP_ATU,0.0
DISP_TDI,0.0
DISP_IED,0.0
DISP_REND,0.0
ATU_FUN_TOTAL,24.5
ATU_FUN_AI,71.4
ATU_FUN_AF,71.3
ATU_MED_TOTAL,80.1
TDI_FUN_TOTAL,24.5
TDI_FUN_AI,38.9
TDI_FUN_AF,71.1
TDI_MED_TOTAL,80.2
IED_FUN_N1,45.6
IED_FUN_N2,45.6
IED_FUN_N3,45.6
IED_FUN_N4,45.6
IED_FUN_N5,45.6
IED_FUN_N6,45.6
IED_FUN_ALTO,45.6
IED_MED_N1,85.6
IED_MED_N2,85.6
IED_MED_N3,85.6
IED_MED_N4,85.6
IED_MED_N5,85.6
IED_MED_N6,85.6
IED_MED_ALTO,85.6
APROVACAO_FUN,24.6
APROVACAO_FUN_AI,39.0
APROVACAO_FUN_AF,71.1
APROVACAO_MED,80.1
REPROVACAO_FUN,24.6
REPROVACAO_FUN_AI,39.0
REPROVACAO_FUN_AF,71.1
REPROVACAO_MED,80.1
ABANDONO_FUN,24.6
ABANDONO_FUN_AI,39.0
ABANDONO_FUN_AF,71.1
ABANDONO_MED,80.1
ABANDONO_FUN_LAG1,36.5
ABANDONO_FUN_AF_LAG1,75.5
ABANDONO_MED_LAG1,83.2
TDI_FUN_AF_DELTA1,75.8
TDI_MED_TOTAL_DELTA1,83.3
ATU_FUN_AF_DELTA1,75.9
ATU_MED_TOTAL_DELTA1,83.2
ABANDONO_FUN_AF_DELTA1,75.8
ABANDONO_MED_DELTA1,83.2
ABANDONO_FUN_T1,36.2
ABANDONO_FUN_AF_T1,75.4
ABANDONO_MED_T1,83.0
