v1_sha256,coluna,n_comparadas,ausente_so_nova,ausente_so_v1,n_valores_diferentes,n_dentro_tolerancia,max_diferenca_abs,classificacao,tolerancia_abs
32181194c440656a6196d7fe9fb403eb201dcf18164989d0e0b032da30070d07,(chave ANO+CO_ENTIDADE),6054,0,0,0,0,0.0,idêntica,0.0
32181194c440656a6196d7fe9fb403eb201dcf18164989d0e0b032da30070d07,ANO_ALVO,6054,0,0,0,0,0.0,idêntica,0.0
32181194c440656a6196d7fe9fb403eb201dcf18164989d0e0b032da30070d07,NO_ENTIDADE,6054,0,0,0,0,,idêntica,0.0
32181194c440656a6196d7fe9fb403eb201dcf18164989d0e0b032da30070d07,CO_MUNICIPIO,6054,0,0,0,0,,idêntica,0.0
32181194c440656a6196d7fe9fb403eb201dcf18164989d0e0b032da30070d07,NO_MUNICIPIO,6054,0,0,0,0,,idêntica,0.0
32181194c440656a6196d7fe9fb403eb201dcf18164989d0e0b032da30070d07,LOCALIZACAO,6054,0,0,0,0,,idêntica,0.0
32181194c440656a6196d7fe9fb403eb201dcf18164989d0e0b032da30070d07,DEPENDENCIA,6054,0,0,0,0,,idêntica,0.0
32181194c440656a6196d7fe9fb403eb201dcf18164989d0e0b032da30070d07,REDE_PUBLICA,6054,0,0,0,0,0.0,idêntica,0.0
32181194c440656a6196d7fe9fb403eb201dcf18164989d0e0b032da30070d07,DISP_ATU,6054,0,0,0,0,0.0,idêntica,0.0
32181194c440656a6196d7fe9fb403eb201dcf18164989d0e0b032da30070d07,DISP_TDI,6054,0,0,0,0,0.0,idêntica,0.0
32181194c440656a6196d7fe9fb403eb201dcf18164989d0e0b032da30070d07,DISP_IED,6054,0,0,0,0,0.0,idêntica,0.0
32181194c440656a6196d7fe9fb403eb201dcf18164989d0e0b032da30070d07,DISP_REND,6054,0,0,0,0,0.0,idêntica,0.0
32181194c440656a6196d7fe9fb403eb201dcf18164989d0e0b032da30070d07,ATU_FUN_TOTAL,6054,0,0,0,0,0.0,idêntica,0.0
32181194c440656a6196d7fe9fb403eb201dcf18164989d0e0b032da30070d07,ATU_FUN_AI,6054,0,0,0,0,0.0,idêntica,0.0
32181194c440656a6196d7fe9fb403eb201dcf18164989d0e0b032da30070d07,ATU_FUN_AF,6054,0,0,0,0,0.0,idêntica,0.0
32181194c440656a6196d7fe9fb403eb201dcf18164989d0e0b032da30070d07,ATU_MED_TOTAL,6054,0,0,0,0,0.0,idêntica,0.0
32181194c440656a6196d7fe9fb403eb201dcf18164989d0e0b032da30070d07,TDI_FUN_TOTAL,6054,0,0,0,0,0.0,idêntica,0.0
32181194c440656a6196d7fe9fb403eb201dcf18164989d0e0b032da30070d07,TDI_FUN_AI,6054,0,0,0,0,0.0,idêntica,0.0
32181194c440656a6196d7fe9fb403eb201dcf18164989d0e0b032da30070d07,TDI_FUN_AF,6054,0,0,0,0,0.0,idêntica,0.0
32181194c440656a6196d7fe9fb403eb201dcf18164989d0e0b032da30070d07,TDI_MED_TOTAL,6054,0,0,0,0,0.0,idêntica,0.0
32181194c440656a6196d7fe9fb403eb201dcf18164989d0e0b032da30070d07,IED_FUN_N1,6054,0,0,0,0,0.0,idêntica,0.0
32181194c440656a6196d7fe9fb403eb201dcf18164989d0e0b032da30070d07,IED_FUN_N2,6054,0,0,0,0,0.0,idêntica,0.0
32181194c440656a6196d7fe9fb403eb201dcf18164989d0e0b032da30070d07,IED_FUN_N3,6054,0,0,0,0,0.0,idêntica,0.0
32181194c440656a6196d7fe9fb403eb201dcf18164989d0e0b032da30070d07,IED_FUN_N4,6054,0,0,0,0,0.0,idêntica,0.0
32181194c440656a6196d7fe9fb403eb201dcf18164989d0e0b032da30070d07,IED_FUN_N5,6054,0,0,0,0,0.0,idêntica,0.0
32181194c440656a6196d7fe9fb403eb201dcf18164989d0e0b032da30070d07,IED_FUN_N6,6054,0,0,0,0,0.0,idêntica,0.0
32181194c440656a6196d7fe9fb403eb201dcf18164989d0e0b032da30070d07,IED_FUN_ALTO,6054,0,0,133,133,1.4210854715202004e-14,idêntica na tolerância,1e-09
32181194c440656a6196d7fe9fb403eb201dcf18164989d0e0b032da30070d07,IED_MED_N1,6054,0,0,0,0,0.0,idêntica,0.0
32181194c440656a6196d7fe9fb403eb201dcf18164989d0e0b032da30070d07,IED_MED_N2,6054,0,0,0,0,0.0,idêntica,0.0
32181194c440656a6196d7fe9fb403eb201dcf18164989d0e0b032da30070d07,IED_MED_N3,6054,0,0,0,0,0.0,idêntica,0.0
32181194c440656a6196d7fe9fb403eb201dcf18164989d0e0b032da30070d07,IED_MED_N4,6054,0,0,0,0,0.0,idêntica,0.0
32181194c440656a6196d7fe9fb403eb201dcf18164989d0e0b032da30070d07,IED_MED_N5,6054,0,0,0,0,0.0,idêntica,0.0
32181194c440656a6196d7fe9fb403eb201dcf18164989d0e0b032da30070d07,IED_MED_N6,6054,0,0,0,0,0.0,idêntica,0.0
32181194c440656a6196d7fe9fb403eb201dcf18164989d0e0b032da30070d07,IED_MED_ALTO,6054,0,0,62,62,1.4210854715202004e-14,idêntica na tolerância,1e-09
32181194c440656a6196d7fe9fb403eb201dcf18164989d0e0b032da30070d07,APROVACAO_FUN,6054,0,0,0,0,0.0,idêntica,0.0
32181194c440656a6196d7fe9fb403eb201dcf18164989d0e0b032da30070d07,APROVACAO_FUN_AI,6054,0,0,0,0,0.0,idêntica,0.0
32181194c440656a6196d7fe9fb403eb201dcf18164989d0e0b032da30070d07,APROVACAO_FUN_AF,6054,0,0,0,0,0.0,idêntica,0.0
32181194c440656a6196d7fe9fb403eb201dcf18164989d0e0b032da30070d07,APROVACAO_MED,6054,0,0,0,0,0.0,idêntica,0.0
32181194c440656a6196d7fe9fb403eb201dcf18164989d0e0b032da30070d07,REPROVACAO_FUN,6054,0,0,0,0,0.0,idêntica,0.0
32181194c440656a6196d7fe9fb403eb201dcf18164989d0e0b032da30070d07,REPROVACAO_FUN_AI,6054,0,0,0,0,0.0,idêntica,0.0
32181194c440656a6196d7fe9fb403eb201dcf18164989d0e0b032da30070d07,REPROVACAO_FUN_AF,6054,0,0,0,0,0.0,idêntica,0.0
32181194c440656a6196d7fe9fb403eb201dcf18164989d0e0b032da30070d07,REPROVACAO_MED,6054,0,0,0,0,0.0,idêntica,0.0
32181194c440656a6196d7fe9fb403eb201dcf18164989d0e0b032da30070d07,ABANDONO_FUN,6054,0,0,0,0,0.0,idêntica,0.0
32181194c440656a6196d7fe9fb403eb201dcf18164989d0e0b032da30070d07,ABANDONO_FUN_AI,6054,0,0,0,0,0.0,idêntica,0.0
32181194c440656a6196d7fe9fb403eb201dcf18164989d0e0b032da30070d07,ABANDONO_FUN_AF,6054,0,0,0,0,0.0,idêntica,0.0
32181194c440656a6196d7fe9fb403eb201dcf18164989d0e0b032da30070d07,ABANDONO_MED,6054,0,0,0,0,0.0,idêntica,0.0
32181194c440656a6196d7fe9fb403eb201dcf18164989d0e0b032da30070d07,ABANDONO_FUN_LAG1,6054,0,0,0,0,0.0,idêntica,0.0
32181194c440656a6196d7fe9fb403eb201dcf18164989d0e0b032da30070d07,ABANDONO_FUN_AF_LAG1,6054,0,0,0,0,0.0,idêntica,0.0
32181194c440656a6196d7fe9fb403eb201dcf18164989d0e0b032da30070d07,ABANDONO_MED_LAG1,6054,0,0,0,0,0.0,idêntica,0.0
32181194c440656a6196d7fe9fb403eb201dcf18164989d0e0b032da30070d07,TDI_FUN_AF_DELTA1,6054,0,0,256,256,3.552713678800501e-15,idêntica na tolerância,1e-09
32181194c440656a6196d7fe9fb403eb201dcf18164989d0e0b032da30070d07,TDI_MED_TOTAL_DELTA1,6054,0,0,175,175,7.105427357601002e-15,idêntica na tolerância,1e-09
32181194c440656a6196d7fe9fb403eb201dcf18164989d0e0b032da30070d07,ATU_FUN_AF_DELTA1,6054,0,0,178,178,3.552713678800501e-15,idêntica na tolerância,1e-09
32181194c440656a6196d7fe9fb403eb201dcf18164989d0e0b032da30070d07,ATU_MED_TOTAL_DELTA1,6054,0,0,111,111,1.7763568394002505e-15,idêntica na tolerância,1e-09
32181194c440656a6196d7fe9fb403eb201dcf18164989d0e0b032da30070d07,ABANDONO_FUN_AF_DELTA1,6054,0,0,115,115,3.552713678800501e-15,idêntica na tolerância,1e-09
32181194c440656a6196d7fe9fb403eb201dcf18164989d0e0b032da30070d07,ABANDONO_MED_DELTA1,6054,0,0,108,108,7.105427357601002e-15,idêntica na tolerância,1e-09
32181194c440656a6196d7fe9fb403eb201dcf18164989d0e0b032da30070d07,ABANDONO_FUN_T1,6054,0,0,0,0,0.0,idêntica,0.0
32181194c440656a6196d7fe9fb403eb201dcf18164989d0e0b032da30070d07,ABANDONO_FUN_AF_T1,6054,0,0,0,0,0.0,idêntica,0.0
32181194c440656a6196d7fe9fb403eb201dcf18164989d0e0b032da30070d07,ABANDONO_MED_T1,6054,0,0,0,0,0.0,idêntica,0.0
