ANO,etapa,n,media,mediana,p75,p90,max,pct_zero
2019,AF,239,5.42,3.7,8.6,12.8,42.9,22.2
2020,AF,237,1.04,0.0,0.3,3.5,20.7,71.7
2021,AF,234,3.13,1.3,3.9,9.7,23.5,41.9
2022,AF,235,5.22,3.5,7.7,12.2,31.8,24.3
2023,AF,233,3.16,1.5,4.3,8.1,26.5,31.8
2024,AF,240,2.76,1.4,4.0,7.9,19.4,35.0
2025,AF,244,2.53,0.8,3.0,7.8,25.0,43.0
2019,EM,158,10.71,7.15,16.7,25.9,50.0,17.7
2020,EM,157,1.67,0.0,0.6,4.8,33.3,70.7
2021,EM,159,5.83,2.3,8.2,16.0,42.9,35.8
2022,EM,162,12.05,10.55,17.9,25.6,44.0,11.1
2023,EM,167,7.58,6.0,10.2,17.1,41.7,14.4
2024,EM,168,5.74,3.65,8.4,13.2,45.8,25.0
2025,EM,173,6.2,4.5,8.9,14.3,45.0,19.1
