etapa,transicao,n,spearman_t_t1,mae_b1_persistencia,mae_b0_media,pct_zero_t1
AF,2019->2020,233,0.23,4.86,1.55,72.1
AF,2020->2021,231,0.14,3.16,3.39,42.0
AF,2021->2022,232,0.3,4.66,4.42,23.7
AF,2022->2023,229,0.38,3.89,2.97,31.4
AF,2023->2024,232,0.41,2.61,2.72,34.5
AF,2024->2025,238,0.42,2.43,2.86,42.0
EM,2019->2020,156,0.1,9.79,2.57,70.5
EM,2020->2021,157,-0.01,6.41,6.12,35.7
EM,2021->2022,159,0.4,8.42,8.13,10.7
EM,2022->2023,162,0.46,7.62,5.5,14.8
EM,2023->2024,165,0.37,5.78,4.94,25.5
EM,2024->2025,166,0.43,4.87,4.85,18.1
