tipo,ano,nivel,zip_original,zip_sha256,membro,acao,arquivo_extraido,tamanho_bytes,md5_esperado,md5_confere,duplicata_de
ATU,2019,brasil_regioes_ufs,ATU_2019_BRASIL_REGIOES_UFS.zip,77780700c2717c192ab6fc286cbb1593e77995794b90033f6bb2cebab643bc5a,ATU_2019_BRASIL_REGIOES_UFS/ATU_BRASIL_REGIOES_UFS_2019.ods,ignorado_ods,,88531,e4abad53e603dc67fc7c063c59c6e80d,,
ATU,2019,brasil_regioes_ufs,ATU_2019_BRASIL_REGIOES_UFS.zip,77780700c2717c192ab6fc286cbb1593e77995794b90033f6bb2cebab643bc5a,ATU_2019_BRASIL_REGIOES_UFS/ATU_BRASIL_REGIOES_UFS_2019.xlsx,extraido,bruto/indicadores/ATU/2019/ATU_BRASIL_REGIOES_UFS_2019.xlsx,190709,2c6314dc86789758d5d84564a0c887ea,True,
ATU,2019,brasil_regioes_ufs,ATU_2019_BRASIL_REGIOES_UFS.zip,77780700c2717c192ab6fc286cbb1593e77995794b90033f6bb2cebab643bc5a,ATU_2019_BRASIL_REGIOES_UFS/md5_ATU_BRASIL_REGIOES_UFS_2019.txt,extraido,bruto/indicadores/ATU/2019/md5_ATU_BRASIL_REGIOES_UFS_2019.txt,135,,,
ATU,2019,escolas,ATU_2019_ESCOLAS.zip,ed8e254dd43794550e70fd3583d79fa0e68061a90a3b528d641fe7a52c870cc0,ATU_2019_ESCOLAS/ATU_ESCOLAS_2019.ods,ignorado_ods,,15915405,780ba6da56deda45a4bcf37e96381ebd,,
ATU,2019,escolas,ATU_2019_ESCOLAS.zip,ed8e254dd43794550e70fd3583d79fa0e68061a90a3b528d641fe7a52c870cc0,ATU_2019_ESCOLAS/ATU_ESCOLAS_2019.xlsx,extraido,bruto/indicadores/ATU/2019/ATU_ESCOLAS_2019.xlsx,41105852,9b0f4ec8687f7027c28253d60f74138b,True,
ATU,2019,escolas,ATU_2019_ESCOLAS.zip,ed8e254dd43794550e70fd3583d79fa0e68061a90a3b528d641fe7a52c870cc0,ATU_2019_ESCOLAS/md5_ATU_ESCOLAS_2019.txt,extraido,bruto/indicadores/ATU/2019/md5_ATU_ESCOLAS_2019.txt,113,,,
ATU,2019,municipios,ATU_2019_MUNICIPIOS.zip,e01f5ae585f3b027a21d413f0e8d3d5d20c36e31a9a7c0c99d754e99ffc2fb9b,ATU_2019_MUNICIPIOS/ATU_MUNICIPIOS_2019.ods,ignorado_ods,,5302916,da3b6d6d4edce4fcad0ed959a1a90db9,,
ATU,2019,municipios,ATU_2019_MUNICIPIOS.zip,e01f5ae585f3b027a21d413f0e8d3d5d20c36e31a9a7c0c99d754e99ffc2fb9b,ATU_2019_MUNICIPIOS/ATU_MUNICIPIOS_2019.xlsx,extraido,bruto/indicadores/ATU/2019/ATU_MUNICIPIOS_2019.xlsx,14886122,fb868f7c5dbcbb13e43964e9097db66a,True,
ATU,2019,municipios,ATU_2019_MUNICIPIOS.zip,e01f5ae585f3b027a21d413f0e8d3d5d20c36e31a9a7c0c99d754e99ffc2fb9b,ATU_2019_MUNICIPIOS/md5_ATU_MUNICIPIOS_2019.txt,extraido,bruto/indicadores/ATU/2019/md5_ATU_MUNICIPIOS_2019.txt,119,,,
ATU,2020,brasil_regioes_ufs,ATU_2020_BRASIL_REGIOES_UFS.zip,a3ef150829a73ac50d48985bb23e8fe23a86ffaa61e2ba98d27e85bb2e6aab4d,ATU_2020_BRASIL_REGIOES_UFS/ATU_BRASIL_REGIOES_UFS_2020.ods,ignorado_ods,,90175,3eaacaae05a9fb38796f337722889d0f,,
ATU,2020,brasil_regioes_ufs,ATU_2020_BRASIL_REGIOES_UFS.zip,a3ef150829a73ac50d48985bb23e8fe23a86ffaa61e2ba98d27e85bb2e6aab4d,ATU_2020_BRASIL_REGIOES_UFS/ATU_BRASIL_REGIOES_UFS_2020.xlsx,extraido,bruto/indicadores/ATU/2020/ATU_BRASIL_REGIOES_UFS_2020.xlsx,145531,1cf21b579ec2f7f95ff49dc3aafaeb63,True,
ATU,2020,brasil_regioes_ufs,ATU_2020_BRASIL_REGIOES_UFS.zip,a3ef150829a73ac50d48985bb23e8fe23a86ffaa61e2ba98d27e85bb2e6aab4d,ATU_2020_BRASIL_REGIOES_UFS/md5_ATU_BRASIL_REGIOES_UFS_2020.txt,extraido,bruto/indicadores/ATU/2020/md5_ATU_BRASIL_REGIOES_UFS_2020.txt,135,,,
ATU,2020,escolas,ATU_2020_ESCOLAS.zip,62852cc70c4085be5d98e2f42737a282d67a26a3c8d4f7f00904d29af74f546f,ATU_2020_ESCOLAS/ATU_ESCOLAS_2020.ods,ignorado_ods,,15611920,91897905a2b2cabc929a2522d68e7e14,,
ATU,2020,escolas,ATU_2020_ESCOLAS.zip,62852cc70c4085be5d98e2f42737a282d67a26a3c8d4f7f00904d29af74f546f,ATU_2020_ESCOLAS/ATU_ESCOLAS_2020.xlsx,extraido,bruto/indicadores/ATU/2020/ATU_ESCOLAS_2020.xlsx,28561538,ad8e78bcece3817e8f2b5440434e6cf1,True,
ATU,2020,escolas,ATU_2020_ESCOLAS.zip,62852cc70c4085be5d98e2f42737a282d67a26a3c8d4f7f00904d29af74f546f,ATU_2020_ESCOLAS/md5_ATU_ESCOLAS_2020.txt,extraido,bruto/indicadores/ATU/2020/md5_ATU_ESCOLAS_2020.txt,113,,,
ATU,2020,municipios,ATU_2020_MUNICIPIOS.zip,8d62c85cde9f5109b43efe4a8cd67b54a07be59b8afb125d393735bcb2a0a4dc,ATU_2020_MUNICIPIOS/ATU_MUNICIPIOS_2020.ods,ignorado_ods,,5121782,ee62ecc320db0d7e9513ea91efd0fc78,,
ATU,2020,municipios,ATU_2020_MUNICIPIOS.zip,8d62c85cde9f5109b43efe4a8cd67b54a07be59b8afb125d393735bcb2a0a4dc,ATU_2020_MUNICIPIOS/ATU_MUNICIPIOS_2020.xlsx,extraido,bruto/indicadores/ATU/2020/ATU_MUNICIPIOS_2020.xlsx,10663637,f6671e0f6274b2b55003b3ca3ee737f9,True,
ATU,2020,municipios,ATU_2020_MUNICIPIOS.zip,8d62c85cde9f5109b43efe4a8cd67b54a07be59b8afb125d393735bcb2a0a4dc,ATU_2020_MUNICIPIOS/md5_ATU_MUNICIPIOS_2020.txt,extraido,bruto/indicadores/ATU/2020/md5_ATU_MUNICIPIOS_2020.txt,119,,,
ATU,2021,brasil_regioes_ufs,ATU_2021_BRASIL_REGIOES_UFS.zip,d553dc5a78f0f310282a0376751c76cda09694a0423efc6058a393e277bd43f5,ATU_2021_BRASIL_REGIOES_UFS/ATU_BRASIL_REGIOES_UFS_2021.ods,ignorado_ods,,88236,91279fb696e2390ae1f2929b84715c3e,,
ATU,2021,brasil_regioes_ufs,ATU_2021_BRASIL_REGIOES_UFS.zip,d553dc5a78f0f310282a0376751c76cda09694a0423efc6058a393e277bd43f5,ATU_2021_BRASIL_REGIOES_UFS/ATU_BRASIL_REGIOES_UFS_2021.xlsx,extraido,bruto/indicadores/ATU/2021/ATU_BRASIL_REGIOES_UFS_2021.xlsx,99642,8f874dcb6677dda2d56b74bf813ffd10,True,
ATU,2021,brasil_regioes_ufs,ATU_2021_BRASIL_REGIOES_UFS.zip,d553dc5a78f0f310282a0376751c76cda09694a0423efc6058a393e277bd43f5,ATU_2021_BRASIL_REGIOES_UFS/md5_ATU_BRASIL_REGIOES_UFS_2021.txt,extraido,bruto/indicadores/ATU/2021/md5_ATU_BRASIL_REGIOES_UFS_2021.txt,135,,,
ATU,2021,escolas,ATU_2021_ESCOLAS.zip,a1f9490a3bd5179eeb9c189827377c617b9f2e75510aff7b00e672008e7d0956,ATU_2021_ESCOLAS/ATU_ESCOLAS_2021.ods,ignorado_ods,,15555715,53bdd58b2331d229f5170ee7c8f1d88a,,
ATU,2021,escolas,ATU_2021_ESCOLAS.zip,a1f9490a3bd5179eeb9c189827377c617b9f2e75510aff7b00e672008e7d0956,ATU_2021_ESCOLAS/ATU_ESCOLAS_2021.xlsx,extraido,bruto/indicadores/ATU/2021/ATU_ESCOLAS_2021.xlsx,28421677,c69f4722560762dabdd34b7e46669fbc,True,
ATU,2021,escolas,ATU_2021_ESCOLAS.zip,a1f9490a3bd5179eeb9c189827377c617b9f2e75510aff7b00e672008e7d0956,ATU_2021_ESCOLAS/md5_ATU_ESCOLAS_2021.txt,extraido,bruto/indicadores/ATU/2021/md5_ATU_ESCOLAS_2021.txt,113,,,
ATU,2021,municipios,ATU_2021_MUNICIPIOS.zip,37b74acc403b8dcb932ebfd81e4732a81298e110327be58d537ff56028872296,ATU_2021_MUNICIPIOS/ATU_MUNICIPIOS_2021.ods,ignorado_ods,,5088542,e0630b038f7212220f1f6147474467e3,,
ATU,2021,municipios,ATU_2021_MUNICIPIOS.zip,37b74acc403b8dcb932ebfd81e4732a81298e110327be58d537ff56028872296,ATU_2021_MUNICIPIOS/ATU_MUNICIPIOS_2021.xlsx,extraido,bruto/indicadores/ATU/2021/ATU_MUNICIPIOS_2021.xlsx,9854846,11d12246e9ff2228dc3ac6cf41048d36,True,
ATU,2021,municipios,ATU_2021_MUNICIPIOS.zip,37b74acc403b8dcb932ebfd81e4732a81298e110327be58d537ff56028872296,ATU_2021_MUNICIPIOS/md5_ATU_MUNICIPIOS_2021.txt,extraido,bruto/indicadores/ATU/2021/md5_ATU_MUNICIPIOS_2021.txt,119,,,
ATU,2022,brasil_regioes_ufs,ATU_2022_BRASIL_REGIOES_UFS.zip,2bfa3017609f987fde694e9954c6b98f1b3b8c97b20efb4360053aeabdcf7123,ATU_2022_BRASIL_REGIOES_UFS/ATU_BRASIL_REGIOES_UFS_2022.ods,ignorado_ods,,101575,30d417f51549e892f9483fc756800c9c,,
ATU,2022,brasil_regioes_ufs,ATU_2022_BRASIL_REGIOES_UFS.zip,2bfa3017609f987fde694e9954c6b98f1b3b8c97b20efb4360053aeabdcf7123,ATU_2022_BRASIL_REGIOES_UFS/ATU_BRASIL_REGIOES_UFS_2022.xlsx,extraido,bruto/indicadores/ATU/2022/ATU_BRASIL_REGIOES_UFS_2022.xlsx,99701,9cf10d9257c8d23fbab0bc90099d63d2,False,
ATU,2022,brasil_regioes_ufs,ATU_2022_BRASIL_REGIOES_UFS.zip,2bfa3017609f987fde694e9954c6b98f1b3b8c97b20efb4360053aeabdcf7123,ATU_2022_BRASIL_REGIOES_UFS/MD5_ATU_BRASIL_REGIOES_UFS_2022.txt,extraido,bruto/indicadores/ATU/2022/MD5_ATU_BRASIL_REGIOES_UFS_2022.txt,135,,,
ATU,2022,escolas,ATU_2022_ESCOLAS.zip,ab6bc8cf9e0857fd0e841d9ebe632fa53018ebbce371f6b5fbc68d00e1c5326b,ATU_2022_ESCOLAS/ATU_ESCOLAS_2022.ods,ignorado_ods,,25312730,a381a6a2a44a42a18558f6e6c753ab88,,
ATU,2022,escolas,ATU_2022_ESCOLAS.zip,ab6bc8cf9e0857fd0e841d9ebe632fa53018ebbce371f6b5fbc68d00e1c5326b,ATU_2022_ESCOLAS/ATU_ESCOLAS_2022.xlsx,extraido,bruto/indicadores/ATU/2022/ATU_ESCOLAS_2022.xlsx,28466790,ea9002d84e7436c5d71903f773845fbc,False,
ATU,2022,escolas,ATU_2022_ESCOLAS.zip,ab6bc8cf9e0857fd0e841d9ebe632fa53018ebbce371f6b5fbc68d00e1c5326b,ATU_2022_ESCOLAS/MD5_ATU_ESCOLAS_2022.txt,extraido,bruto/indicadores/ATU/2022/MD5_ATU_ESCOLAS_2022.txt,113,,,
ATU,2022,municipios,ATU_2022_MUNICIPIOS.zip,c5f26e0ac826c0678000e2e45f2aa9ecad6c6a09daef75438c264370ca07985d,ATU_2022_MUNICIPIOS/ATU_MUNICIPIOS_2022.ods,ignorado_ods,,8520333,4cd4cc9981938968cc5905bbf050cec8,,
ATU,2022,municipios,ATU_2022_MUNICIPIOS.zip,c5f26e0ac826c0678000e2e45f2aa9ecad6c6a09daef75438c264370ca07985d,ATU_2022_MUNICIPIOS/ATU_MUNICIPIOS_2022.xlsx,extraido,bruto/indicadores/ATU/2022/ATU_MUNICIPIOS_2022.xlsx,9854136,86960382b413c3cdb2fd614cc45f993f,False,
ATU,2022,municipios,ATU_2022_MUNICIPIOS.zip,c5f26e0ac826c0678000e2e45f2aa9ecad6c6a09daef75438c264370ca07985d,ATU_2022_MUNICIPIOS/MD5_ATU_MUNICIPIOS_2022.txt,extraido,bruto/indicadores/ATU/2022/MD5_ATU_MUNICIPIOS_2022.txt,119,,,
ATU,2023,brasil_regioes_ufs,ATU_2023_BRASIL_REGIOES_UFS.zip,8e9cd586a4851abb460f3a450bc3436fd82f405dac6c336f4399fece9efc3500,ATU_2023_BRASIL_REGIOES_UFS/ATU_BRASIL_REGIOES_UFS_2023.ods,ignorado_ods,,97836,5b5914d6d43d406cc02420b9738c3e5a,,
ATU,2023,brasil_regioes_ufs,ATU_2023_BRASIL_REGIOES_UFS.zip,8e9cd586a4851abb460f3a450bc3436fd82f405dac6c336f4399fece9efc3500,ATU_2023_BRASIL_REGIOES_UFS/ATU_BRASIL_REGIOES_UFS_2023.xlsx,extraido,bruto/indicadores/ATU/2023/ATU_BRASIL_REGIOES_UFS_2023.xlsx,99434,8e423ee3a87650015d4eb86ff15b8677,True,
ATU,2023,brasil_regioes_ufs,ATU_2023_BRASIL_REGIOES_UFS.zip,8e9cd586a4851abb460f3a450bc3436fd82f405dac6c336f4399fece9efc3500,ATU_2023_BRASIL_REGIOES_UFS/MD5_ATU_BRASIL_REGIOES_UFS_2023.txt,extraido,bruto/indicadores/ATU/2023/MD5_ATU_BRASIL_REGIOES_UFS_2023.txt,135,,,
ATU,2023,escolas,ATU_2023_ESCOLAS.zip,f87643b20cd71b86c1036d0834e120ef79c68bc66defba713826383b5d87d980,ATU_2023_ESCOLAS/ATU_ESCOLAS_2023.ods,ignorado_ods,,25181804,460352a2ceb62b8e384de9a211aa26b5,,
ATU,2023,escolas,ATU_2023_ESCOLAS.zip,f87643b20cd71b86c1036d0834e120ef79c68bc66defba713826383b5d87d980,ATU_2023_ESCOLAS/ATU_ESCOLAS_2023.xlsx,extraido,bruto/indicadores/ATU/2023/ATU_ESCOLAS_2023.xlsx,28220031,552c2261afd9bee2ce8124ef6641e274,True,
ATU,2023,escolas,ATU_2023_ESCOLAS.zip,f87643b20cd71b86c1036d0834e120ef79c68bc66defba713826383b5d87d980,ATU_2023_ESCOLAS/MD5_ATU_ESCOLAS_2023.txt,extraido,bruto/indicadores/ATU/2023/MD5_ATU_ESCOLAS_2023.txt,113,,,
ATU,2023,municipios,ATU_2023_MUNICIPIOS.zip,ea7f31a363dacaef1279b850e5f895c4e268ff92dfa31abe7819427520c5b999,ATU_2023_MUNICIPIOS/ATU_MUNICIPIOS_2023.ods,ignorado_ods,,8505841,b3c25863b0d604666ba2552a0a14686c,,
ATU,2023,municipios,ATU_2023_MUNICIPIOS.zip,ea7f31a363dacaef1279b850e5f895c4e268ff92dfa31abe7819427520c5b999,ATU_2023_MUNICIPIOS/ATU_MUNICIPIOS_2023.xlsx,extraido,bruto/indicadores/ATU/2023/ATU_MUNICIPIOS_2023.xlsx,9830455,2e83e74ee2f2d694534e42e3ee085cad,True,
ATU,2023,municipios,ATU_2023_MUNICIPIOS.zip,ea7f31a363dacaef1279b850e5f895c4e268ff92dfa31abe7819427520c5b999,ATU_2023_MUNICIPIOS/MD5_ATU_MUNICIPIOS_2023.txt,extraido,bruto/indicadores/ATU/2023/MD5_ATU_MUNICIPIOS_2023.txt,119,,,
ATU,2024,brasil_regioes_ufs,ATU_2024_BRASIL_REGIOES_UFS.zip,cefc3dcbeaa10796c1d3803755656a72353f874298de7f1a64df625093080936,ATU_2024_BRASIL_REGIOES_UFS/ATU_BRASIL_REGIOES_UFS_2024.ods,ignorado_ods,,97449,843fd9c0f6403371dd0080cd9dfc87fe,,
ATU,2024,brasil_regioes_ufs,ATU_2024_BRASIL_REGIOES_UFS.zip,cefc3dcbeaa10796c1d3803755656a72353f874298de7f1a64df625093080936,ATU_2024_BRASIL_REGIOES_UFS/ATU_BRASIL_REGIOES_UFS_2024.xlsx,extraido,bruto/indicadores/ATU/2024/ATU_BRASIL_REGIOES_UFS_2024.xlsx,99437,60aa979fadea0644637dcd7ed0705fc8,True,
ATU,2024,brasil_regioes_ufs,ATU_2024_BRASIL_REGIOES_UFS.zip,cefc3dcbeaa10796c1d3803755656a72353f874298de7f1a64df625093080936,ATU_2024_BRASIL_REGIOES_UFS/MD5_ATU_BRASIL_REGIOES_UFS_2024.txt,extraido,bruto/indicadores/ATU/2024/MD5_ATU_BRASIL_REGIOES_UFS_2024.txt,135,,,
ATU,2024,escolas,ATU_2024_ESCOLAS.zip,c120bb1630f5b84dea048f25a14857b1887d8d77c833d3bd20673af6eca6c421,ATU_2024_ESCOLAS/ATU_ESCOLAS_2024.ods,ignorado_ods,,25243124,7aa3c925267eb23fe59c8ec2e33be5bb,,
ATU,2024,escolas,ATU_2024_ESCOLAS.zip,c120bb1630f5b84dea048f25a14857b1887d8d77c833d3bd20673af6eca6c421,ATU_2024_ESCOLAS/ATU_ESCOLAS_2024.xlsx,extraido,bruto/indicadores/ATU/2024/ATU_ESCOLAS_2024.xlsx,28327914,99fb034da2634326cf1ea213e33bb9f2,True,
ATU,2024,escolas,ATU_2024_ESCOLAS.zip,c120bb1630f5b84dea048f25a14857b1887d8d77c833d3bd20673af6eca6c421,ATU_2024_ESCOLAS/MD5_ATU_ESCOLAS_2024.txt,extraido,bruto/indicadores/ATU/2024/MD5_ATU_ESCOLAS_2024.txt,113,,,
ATU,2024,municipios,ATU_2024_MUNICIPIOS.zip,de458e95333764b846dfb1859a99e0474a6a0de9dbf77b4fe107b6f4ab7486e7,ATU_2024_MUNICIPIOS/ATU_MUNICIPIOS_2024.ods,ignorado_ods,,8480263,89468cc223cfdb89ba74008e87c2b7f1,,
ATU,2024,municipios,ATU_2024_MUNICIPIOS.zip,de458e95333764b846dfb1859a99e0474a6a0de9dbf77b4fe107b6f4ab7486e7,ATU_2024_MUNICIPIOS/ATU_MUNICIPIOS_2024.xlsx,extraido,bruto/indicadores/ATU/2024/ATU_MUNICIPIOS_2024.xlsx,9810146,3ad5717cd6758d3a9e40e111b92ae3bf,True,
ATU,2024,municipios,ATU_2024_MUNICIPIOS.zip,de458e95333764b846dfb1859a99e0474a6a0de9dbf77b4fe107b6f4ab7486e7,ATU_2024_MUNICIPIOS/MD5_ATU_MUNICIPIOS_2024.txt,extraido,bruto/indicadores/ATU/2024/MD5_ATU_MUNICIPIOS_2024.txt,119,,,
ATU,2025,brasil_regioes_ufs,ATU_2025_BRASIL_REGIOES_UFS.zip,bc1bcf367a5233258d0dddfbd60376b914dc1f823ac412680d467dc4100ca69d,ATU_2025_BRASIL_REGIOES_UFS/ATU_BRASIL_REGIOES_UFS_2025.ods,ignorado_ods,,96794,c7df94fa64d2c8360c09d1305498e532,,
ATU,2025,brasil_regioes_ufs,ATU_2025_BRASIL_REGIOES_UFS.zip,bc1bcf367a5233258d0dddfbd60376b914dc1f823ac412680d467dc4100ca69d,ATU_2025_BRASIL_REGIOES_UFS/ATU_BRASIL_REGIOES_UFS_2025.xlsx,extraido,bruto/indicadores/ATU/2025/ATU_BRASIL_REGIOES_UFS_2025.xlsx,99320,4ebd537375d61624efc7095de33e963d,True,
ATU,2025,brasil_regioes_ufs,ATU_2025_BRASIL_REGIOES_UFS.zip,bc1bcf367a5233258d0dddfbd60376b914dc1f823ac412680d467dc4100ca69d,ATU_2025_BRASIL_REGIOES_UFS/MD5_ATU_BRASIL_REGIOES_UFS_2025.txt,extraido,bruto/indicadores/ATU/2025/MD5_ATU_BRASIL_REGIOES_UFS_2025.txt,135,,,
ATU,2025,escolas,ATU_2025_ESCOLAS.zip,1adeedde061bb2f41e9542b6165970eca3e14dccb344df8c5bdb068bbb355417,ATU_2025_ESCOLAS/ATU_ESCOLAS_2025.ods,ignorado_ods,,25186890,eee2f4a171677be2f99db8d3a2ea221f,,
ATU,2025,escolas,ATU_2025_ESCOLAS.zip,1adeedde061bb2f41e9542b6165970eca3e14dccb344df8c5bdb068bbb355417,ATU_2025_ESCOLAS/ATU_ESCOLAS_2025.xlsx,extraido,bruto/indicadores/ATU/2025/ATU_ESCOLAS_2025.xlsx,28219877,a61a0b72adc18b5c4ad175216741605b,True,
ATU,2025,escolas,ATU_2025_ESCOLAS.zip,1adeedde061bb2f41e9542b6165970eca3e14dccb344df8c5bdb068bbb355417,ATU_2025_ESCOLAS/MD5_ATU_ESCOLAS_2025.txt,extraido,bruto/indicadores/ATU/2025/MD5_ATU_ESCOLAS_2025.txt,113,,,
HAD,2019,brasil_regioes_ufs,HAD_2019_BRASIL_REGIOES_UFS.zip,735aad807be6d1a03fca4cd9c9c27fccfac5c2bc3049866d64292a4b28f7c277,HAD_2019_BRASIL_REGIOES_UFS/HAD_BRASIL_REGIOES_UFS_2019.ods,ignorado_ods,,55457,674e0749612d026592b123723948a01f,,
HAD,2019,brasil_regioes_ufs,HAD_2019_BRASIL_REGIOES_UFS.zip,735aad807be6d1a03fca4cd9c9c27fccfac5c2bc3049866d64292a4b28f7c277,HAD_2019_BRASIL_REGIOES_UFS/HAD_BRASIL_REGIOES_UFS_2019.xlsx,extraido,bruto/indicadores/HAD/2019/HAD_BRASIL_REGIOES_UFS_2019.xlsx,85958,c012c16e7bb72d7d46e72f0362e2ae15,True,
HAD,2019,brasil_regioes_ufs,HAD_2019_BRASIL_REGIOES_UFS.zip,735aad807be6d1a03fca4cd9c9c27fccfac5c2bc3049866d64292a4b28f7c277,HAD_2019_BRASIL_REGIOES_UFS/Thumbs.db,ignorado_lixo,,22528,,,
HAD,2019,brasil_regioes_ufs,HAD_2019_BRASIL_REGIOES_UFS.zip,735aad807be6d1a03fca4cd9c9c27fccfac5c2bc3049866d64292a4b28f7c277,HAD_2019_BRASIL_REGIOES_UFS/md5_HAD_BRASIL_REGIOES_UFS_2019.txt,extraido,bruto/indicadores/HAD/2019/md5_HAD_BRASIL_REGIOES_UFS_2019.txt,137,,,
HAD,2019,escolas,HAD_2019_ESCOLAS.zip,01db716e3ffbb5b1ae54712d7dfc6353213555e4de2ec2d6d09983bf40c1a979,HAD_2019_ESCOLAS/HAD_ESCOLAS_2019.ods,ignorado_ods,,8643094,8ba89354fc7713c678ba31458e769ac4,,
HAD,2019,escolas,HAD_2019_ESCOLAS.zip,01db716e3ffbb5b1ae54712d7dfc6353213555e4de2ec2d6d09983bf40c1a979,HAD_2019_ESCOLAS/HAD_ESCOLAS_2019.xlsx,extraido,bruto/indicadores/HAD/2019/HAD_ESCOLAS_2019.xlsx,21789587,3e114d9b180cacdc0ba7f46b727d6b6c,True,
HAD,2019,escolas,HAD_2019_ESCOLAS.zip,01db716e3ffbb5b1ae54712d7dfc6353213555e4de2ec2d6d09983bf40c1a979,HAD_2019_ESCOLAS/Thumbs.db,ignorado_lixo,,19456,,,
HAD,2019,escolas,HAD_2019_ESCOLAS.zip,01db716e3ffbb5b1ae54712d7dfc6353213555e4de2ec2d6d09983bf40c1a979,HAD_2019_ESCOLAS/md5_HAD_ESCOLAS_2019.txt,extraido,bruto/indicadores/HAD/2019/md5_HAD_ESCOLAS_2019.txt,113,,,
HAD,2019,municipios,HAD_2019_MUNICIPIOS.zip,16427cd2b9f365405dc3060ea8ac2299d84355781c96f8ca0ff5693e794a3692,HAD_2019_MUNICIPIOS/HAD_MUNICIPIOS_2019.ods,ignorado_ods,,2522212,2b5774114e913a54384642c91a40d756,,
HAD,2019,municipios,HAD_2019_MUNICIPIOS.zip,16427cd2b9f365405dc3060ea8ac2299d84355781c96f8ca0ff5693e794a3692,HAD_2019_MUNICIPIOS/HAD_MUNICIPIOS_2019.xlsx,extraido,bruto/indicadores/HAD/2019/HAD_MUNICIPIOS_2019.xlsx,8309595,b175c37dcd3334a3e66961ed28a5004c,True,
HAD,2019,municipios,HAD_2019_MUNICIPIOS.zip,16427cd2b9f365405dc3060ea8ac2299d84355781c96f8ca0ff5693e794a3692,HAD_2019_MUNICIPIOS/Thumbs.db,ignorado_lixo,,20480,,,
HAD,2019,municipios,HAD_2019_MUNICIPIOS.zip,16427cd2b9f365405dc3060ea8ac2299d84355781c96f8ca0ff5693e794a3692,HAD_2019_MUNICIPIOS/md5_HAD_MUNICIPIOS_2019.txt,extraido,bruto/indicadores/HAD/2019/md5_HAD_MUNICIPIOS_2019.txt,119,,,
HAD,2020,brasil_regioes_ufs,HAD_2020_BRASIL_REGIOES_UFS.zip,e74a47d1b145892dc25775bc5c0343f798a2b557167a8ccf1b8d4370763ad753,HAD_2020_BRASIL_REGIOES_UFS/HAD_BRASIL_REGIOES_UFS_2020.ods,ignorado_ods,,56523,6e459004d6d23e5c8410512933af3319,,
HAD,2020,brasil_regioes_ufs,HAD_2020_BRASIL_REGIOES_UFS.zip,e74a47d1b145892dc25775bc5c0343f798a2b557167a8ccf1b8d4370763ad753,HAD_2020_BRASIL_REGIOES_UFS/HAD_BRASIL_REGIOES_UFS_2020.xlsx,extraido,bruto/indicadores/HAD/2020/HAD_BRASIL_REGIOES_UFS_2020.xlsx,91584,a1000cf443713cff1fe56839c12aa6e3,True,
HAD,2020,brasil_regioes_ufs,HAD_2020_BRASIL_REGIOES_UFS.zip,e74a47d1b145892dc25775bc5c0343f798a2b557167a8ccf1b8d4370763ad753,HAD_2020_BRASIL_REGIOES_UFS/md5_HAD_BRASIL_REGIOES_UFS_2020.txt,extraido,bruto/indicadores/HAD/2020/md5_HAD_BRASIL_REGIOES_UFS_2020.txt,137,,,
HAD,2020,escolas,HAD_2020_ESCOLAS.zip,0269392aee212b4cbeab9f0beb498fc982c1797920b8c2d44209f9d3a67df148,HAD_2020_ESCOLAS/HAD_ESCOLAS_2020.ods,ignorado_ods,,9689002,0eba056d5df26be5434618bc3e94a89a,,
HAD,2020,escolas,HAD_2020_ESCOLAS.zip,0269392aee212b4cbeab9f0beb498fc982c1797920b8c2d44209f9d3a67df148,HAD_2020_ESCOLAS/HAD_ESCOLAS_2020.xlsx,extraido,bruto/indicadores/HAD/2020/HAD_ESCOLAS_2020.xlsx,22291096,6e459004d6d23e5c8410512933af3319,False,
HAD,2020,escolas,HAD_2020_ESCOLAS.zip,0269392aee212b4cbeab9f0beb498fc982c1797920b8c2d44209f9d3a67df148,HAD_2020_ESCOLAS/md5_HAD_ESCOLAS_2020.txt,extraido,bruto/indicadores/HAD/2020/md5_HAD_ESCOLAS_2020.txt,113,,,
HAD,2020,municipios,HAD_2020_MUNICIPIOS.zip,87119b7ea65af712a017eaf2bcc4e89a3e5246e95fcd0c635c36641dd16632ec,HAD_2020_MUNICIPIOS/HAD_MUNICIPIOS_2020.ods,ignorado_ods,,2785806,38707f2b151e5f7f64f169da65b06d8b,,
HAD,2020,municipios,HAD_2020_MUNICIPIOS.zip,87119b7ea65af712a017eaf2bcc4e89a3e5246e95fcd0c635c36641dd16632ec,HAD_2020_MUNICIPIOS/HAD_MUNICIPIOS_2020.xlsx,extraido,bruto/indicadores/HAD/2020/HAD_MUNICIPIOS_2020.xlsx,9049750,3e9bef1c3028ad898d3f66de784a1d29,True,
HAD,2020,municipios,HAD_2020_MUNICIPIOS.zip,87119b7ea65af712a017eaf2bcc4e89a3e5246e95fcd0c635c36641dd16632ec,HAD_2020_MUNICIPIOS/md5_HAD_MUNICIPIOS_2020.txt,extraido,bruto/indicadores/HAD/2020/md5_HAD_MUNICIPIOS_2020.txt,119,,,
HAD,2021,brasil_regioes_ufs,HAD_2021_BRASIL_REGIOES_UFS.zip,69d8a469db42766f962d2b9bab6d1bbb0adc0c228f6a503d8a99381b895945a5,HAD_2021_BRASIL_REGIOES_UFS/HAD_BRASIL_REGIOES_UFS_2021.ods,ignorado_ods,,56975,83a9548a0f1ece4eeddaf598567e5829,,
HAD,2021,brasil_regioes_ufs,HAD_2021_BRASIL_REGIOES_UFS.zip,69d8a469db42766f962d2b9bab6d1bbb0adc0c228f6a503d8a99381b895945a5,HAD_2021_BRASIL_REGIOES_UFS/HAD_BRASIL_REGIOES_UFS_2021.xlsx,extraido,bruto/indicadores/HAD/2021/HAD_BRASIL_REGIOES_UFS_2021.xlsx,86665,13e55bd67feb59abfef57294f2f5af26,True,
HAD,2021,brasil_regioes_ufs,HAD_2021_BRASIL_REGIOES_UFS.zip,69d8a469db42766f962d2b9bab6d1bbb0adc0c228f6a503d8a99381b895945a5,HAD_2021_BRASIL_REGIOES_UFS/md5_HAD_BRASIL_REGIOES_UFS_2021.txt,extraido,bruto/indicadores/HAD/2021/md5_HAD_BRASIL_REGIOES_UFS_2021.txt,137,,,
HAD,2021,escolas,HAD_2021_ESCOLAS.zip,4784f6431b8135dfd7c0d4636b2c9390ff0c448d12161655221bb792372521c7,HAD_2021_ESCOLAS/HAD_ESCOLAS_2021.ods,ignorado_ods,,9704392,19bd860243267aa9e4c79828fd7bd1b5,,
HAD,2021,escolas,HAD_2021_ESCOLAS.zip,4784f6431b8135dfd7c0d4636b2c9390ff0c448d12161655221bb792372521c7,HAD_2021_ESCOLAS/HAD_ESCOLAS_2021.xlsx,extraido,bruto/indicadores/HAD/2021/HAD_ESCOLAS_2021.xlsx,22309478,79e9f60f15de0cdfb0c2f61f62351544,False,
HAD,2021,escolas,HAD_2021_ESCOLAS.zip,4784f6431b8135dfd7c0d4636b2c9390ff0c448d12161655221bb792372521c7,HAD_2021_ESCOLAS/md5_HAD_ESCOLAS_2021.txt,extraido,bruto/indicadores/HAD/2021/md5_HAD_ESCOLAS_2021.txt,113,,,
HAD,2021,municipios,HAD_2021_MUNICIPIOS.zip,23f7b0dd12ea24fc01e0591a355d726db4d5b6b9cbe8ba2891571eaa3255b2d3,HAD_2021_MUNICIPIOS/HAD_MUNICIPIOS_2021.ods,ignorado_ods,,2815119,dfdbc6b82cbc917adf35b00b9aadaa53,,
HAD,2021,municipios,HAD_2021_MUNICIPIOS.zip,23f7b0dd12ea24fc01e0591a355d726db4d5b6b9cbe8ba2891571eaa3255b2d3,HAD_2021_MUNICIPIOS/HAD_MUNICIPIOS_2021.xlsx,extraido,bruto/indicadores/HAD/2021/HAD_MUNICIPIOS_2021.xlsx,8328231,16308c7479e88baa788ff67945243ba6,True,
HAD,2021,municipios,HAD_2021_MUNICIPIOS.zip,23f7b0dd12ea24fc01e0591a355d726db4d5b6b9cbe8ba2891571eaa3255b2d3,HAD_2021_MUNICIPIOS/md5_HAD_MUNICIPIOS_2021.txt,extraido,bruto/indicadores/HAD/2021/md5_HAD_MUNICIPIOS_2021.txt,119,,,
HAD,2022,brasil_regioes_ufs,HAD_2022_BRASIL_REGIOES_UFS.zip,d6d45be9326c08a4b09f412a5af06507d16713752ee8ab2215c544d99a44c829,HAD_2022_BRASIL_REGIOES_UFS/.~lock.HAD_BRASIL_REGIOES_UFS_2022.ods#,ignorado_lixo,,103,,,
HAD,2022,brasil_regioes_ufs,HAD_2022_BRASIL_REGIOES_UFS.zip,d6d45be9326c08a4b09f412a5af06507d16713752ee8ab2215c544d99a44c829,HAD_2022_BRASIL_REGIOES_UFS/HAD_BRASIL_REGIOES_UFS_2022.xlsx,extraido,bruto/indicadores/HAD/2022/HAD_BRASIL_REGIOES_UFS_2022.xlsx,87698,23ffe64460cf1d5578696b0428fea1ec,True,
HAD,2022,brasil_regioes_ufs,HAD_2022_BRASIL_REGIOES_UFS.zip,d6d45be9326c08a4b09f412a5af06507d16713752ee8ab2215c544d99a44c829,HAD_2022_BRASIL_REGIOES_UFS/MD5_HAD_BRASIL_REGIOES_UFS_2022.txt,extraido,bruto/indicadores/HAD/2022/MD5_HAD_BRASIL_REGIOES_UFS_2022.txt,135,,,
HAD,2022,escolas,HAD_2022_ESCOLAS.zip,dc5f1a902850472913c5670cfee46d7551782c56407b752edb9b0eec7f6f756c,HAD_2022_ESCOLAS/HAD_ESCOLAS_2022.ods,ignorado_ods,,18444506,e33252137dfa7365e58afbf5a15f31bd,,
HAD,2022,escolas,HAD_2022_ESCOLAS.zip,dc5f1a902850472913c5670cfee46d7551782c56407b752edb9b0eec7f6f756c,HAD_2022_ESCOLAS/HAD_ESCOLAS_2022.xlsx,extraido,bruto/indicadores/HAD/2022/HAD_ESCOLAS_2022.xlsx,25504110,50ec0f15d1442b22d8f67e4a7a4fc20f,True,
HAD,2022,escolas,HAD_2022_ESCOLAS.zip,dc5f1a902850472913c5670cfee46d7551782c56407b752edb9b0eec7f6f756c,HAD_2022_ESCOLAS/MD5_HAD_ESCOLAS_2022.txt,extraido,bruto/indicadores/HAD/2022/MD5_HAD_ESCOLAS_2022.txt,113,,,
HAD,2022,municipios,HAD_2022_MUNICIPIOS.zip,7f293979ecce71c29e63cd962230b58dbfb23cf5c1fc280180a057c92dd3d364,HAD_2022_MUNICIPIOS/HAD_MUNICIPIOS_2022.ods,ignorado_ods,,6105458,780d12514556c32313a1649c701b45a5,,
HAD,2022,municipios,HAD_2022_MUNICIPIOS.zip,7f293979ecce71c29e63cd962230b58dbfb23cf5c1fc280180a057c92dd3d364,HAD_2022_MUNICIPIOS/HAD_MUNICIPIOS_2022.xlsx,extraido,bruto/indicadores/HAD/2022/HAD_MUNICIPIOS_2022.xlsx,8718948,39eac3539cadad88d1c3ee9dd91d957e,True,
HAD,2022,municipios,HAD_2022_MUNICIPIOS.zip,7f293979ecce71c29e63cd962230b58dbfb23cf5c1fc280180a057c92dd3d364,HAD_2022_MUNICIPIOS/MD5_HAD_MUNICIPIOS_2022.txt,extraido,bruto/indicadores/HAD/2022/MD5_HAD_MUNICIPIOS_2022.txt,119,,,
HAD,2023,brasil_regioes_ufs,HAD_2023_BRASIL_REGIOES_UFS.zip,c91d01cef9618ac376fc4381ad10eb9538e8e29bb5e0c41879c55b864eeb5511,HAD_2023_BRASIL_REGIOES_UFS/HAD_BRASIL_REGIOES_UFS_2023.ods,ignorado_ods,,75563,8d05a4c5d6da58ebad7b941ed0abba86,,
HAD,2023,brasil_regioes_ufs,HAD_2023_BRASIL_REGIOES_UFS.zip,c91d01cef9618ac376fc4381ad10eb9538e8e29bb5e0c41879c55b864eeb5511,HAD_2023_BRASIL_REGIOES_UFS/HAD_BRASIL_REGIOES_UFS_2023.xlsx,extraido,bruto/indicadores/HAD/2023/HAD_BRASIL_REGIOES_UFS_2023.xlsx,89167,7ddde580143383c71d31b07d7fd86957,True,
HAD,2023,brasil_regioes_ufs,HAD_2023_BRASIL_REGIOES_UFS.zip,c91d01cef9618ac376fc4381ad10eb9538e8e29bb5e0c41879c55b864eeb5511,HAD_2023_BRASIL_REGIOES_UFS/MD5_HAD_BRASIL_REGIOES_UFS_2023.txt,extraido,bruto/indicadores/HAD/2023/MD5_HAD_BRASIL_REGIOES_UFS_2023.txt,135,,,
HAD,2023,escolas,HAD_2023_ESCOLAS.zip,96bbb49253261157125f9fee049a7c186374095fac9ed8d3a1288c228c98cea3,HAD_2023_ESCOLAS/HAD_ESCOLAS_2023.ods,ignorado_ods,,21664169,fc67faf1ed7fa566d2b7db573fb8de5f,,
HAD,2023,escolas,HAD_2023_ESCOLAS.zip,96bbb49253261157125f9fee049a7c186374095fac9ed8d3a1288c228c98cea3,HAD_2023_ESCOLAS/HAD_ESCOLAS_2023.xlsx,extraido,bruto/indicadores/HAD/2023/HAD_ESCOLAS_2023.xlsx,25911680,eeaac8e98aecc4c2dfff3a26183653ac,True,
HAD,2023,escolas,HAD_2023_ESCOLAS.zip,96bbb49253261157125f9fee049a7c186374095fac9ed8d3a1288c228c98cea3,HAD_2023_ESCOLAS/MD5_HAD_ESCOLAS_2023.txt,extraido,bruto/indicadores/HAD/2023/MD5_HAD_ESCOLAS_2023.txt,113,,,
HAD,2023,municipios,HAD_2023_MUNICIPIOS.zip,008b22cca1e7d44503e93a7305c277235eceac8261b156cc78c47a91e4dd69cc,HAD_2023_MUNICIPIOS/HAD_MUNICIPIOS_2023.ods,ignorado_ods,,6895146,af0f209b83af60827d62eb9da9adcf4e,,
HAD,2023,municipios,HAD_2023_MUNICIPIOS.zip,008b22cca1e7d44503e93a7305c277235eceac8261b156cc78c47a91e4dd69cc,HAD_2023_MUNICIPIOS/HAD_MUNICIPIOS_2023.xlsx,extraido,bruto/indicadores/HAD/2023/HAD_MUNICIPIOS_2023.xlsx,8750786,e1c7e8ee5f0955ed1e95a9c44d45f511,True,
HAD,2023,municipios,HAD_2023_MUNICIPIOS.zip,008b22cca1e7d44503e93a7305c277235eceac8261b156cc78c47a91e4dd69cc,HAD_2023_MUNICIPIOS/MD5_HAD_MUNICIPIOS_2023.txt,extraido,bruto/indicadores/HAD/2023/MD5_HAD_MUNICIPIOS_2023.txt,119,,,
HAD,2024,brasil_regioes_ufs,HAD_2024_BRASIL_REGIOES_UFS.zip,9c6562ef4142d048f5b5d2e32215ebe85402a8870915fcea4fff036e8b0be1ad,HAD_2024_BRASIL_REGIOES_UFS/HAD_BRASIL_REGIOES_UFS_2024.ods,ignorado_ods,,73059,dc9f4e250d32487355b4aaae608400ac,,
HAD,2024,brasil_regioes_ufs,HAD_2024_BRASIL_REGIOES_UFS.zip,9c6562ef4142d048f5b5d2e32215ebe85402a8870915fcea4fff036e8b0be1ad,HAD_2024_BRASIL_REGIOES_UFS/HAD_BRASIL_REGIOES_UFS_2024.xlsx,extraido,bruto/indicadores/HAD/2024/HAD_BRASIL_REGIOES_UFS_2024.xlsx,87841,2dbe0d317de783d4b4d47a3754540ff6,True,
HAD,2024,brasil_regioes_ufs,HAD_2024_BRASIL_REGIOES_UFS.zip,9c6562ef4142d048f5b5d2e32215ebe85402a8870915fcea4fff036e8b0be1ad,HAD_2024_BRASIL_REGIOES_UFS/MD5_HAD_BRASIL_REGIOES_UFS_2024.txt,extraido,bruto/indicadores/HAD/2024/MD5_HAD_BRASIL_REGIOES_UFS_2024.txt,135,,,
HAD,2024,escolas,HAD_2024_ESCOLAS.zip,605fc38e5b1dbf8c516b1e6c9390c75ebc7ebd30add27a5a66c322b91d3af13d,HAD_2024_ESCOLAS/HAD_ESCOLAS_2024.ods,ignorado_ods,,18677754,b75130c00e7f06819bd6c326a040e589,,
HAD,2024,escolas,HAD_2024_ESCOLAS.zip,605fc38e5b1dbf8c516b1e6c9390c75ebc7ebd30add27a5a66c322b91d3af13d,HAD_2024_ESCOLAS/HAD_ESCOLAS_2024.xlsx,extraido,bruto/indicadores/HAD/2024/HAD_ESCOLAS_2024.xlsx,25539003,42ca6e61e9925bd7d4c88ab9b775d771,True,
HAD,2024,escolas,HAD_2024_ESCOLAS.zip,605fc38e5b1dbf8c516b1e6c9390c75ebc7ebd30add27a5a66c322b91d3af13d,HAD_2024_ESCOLAS/MD5_HAD_ESCOLAS_2024.txt,extraido,bruto/indicadores/HAD/2024/MD5_HAD_ESCOLAS_2024.txt,113,,,
HAD,2024,municipios,HAD_2024_MUNICIPIOS.zip,6680abf509c9d5ccda1216e45133bf3d8789e7953fc38532570866a52f1df83a,HAD_2024_MUNICIPIOS/HAD_MUNICIPIOS_2024.ods,ignorado_ods,,6245191,e92607cc68f5a9e1a30be71c194a5a3f,,
HAD,2024,municipios,HAD_2024_MUNICIPIOS.zip,6680abf509c9d5ccda1216e45133bf3d8789e7953fc38532570866a52f1df83a,HAD_2024_MUNICIPIOS/HAD_MUNICIPIOS_2024.xlsx,extraido,bruto/indicadores/HAD/2024/HAD_MUNICIPIOS_2024.xlsx,8782107,eb76da7534e49752ec4f59e2cbf76274,True,
HAD,2024,municipios,HAD_2024_MUNICIPIOS.zip,6680abf509c9d5ccda1216e45133bf3d8789e7953fc38532570866a52f1df83a,HAD_2024_MUNICIPIOS/MD5_HAD_MUNICIPIOS_2024.txt,extraido,bruto/indicadores/HAD/2024/MD5_HAD_MUNICIPIOS_2024.txt,119,,,
HAD,2025,brasil_regioes_ufs,HAD_2025_BRASIL_REGIOES_UFS.zip,337c89d28d3aa39e20aee17009dc323ac96f1eab729ab6813a2bd9b90182ce45,HAD_2025_BRASIL_REGIOES_UFS/HAD_BRASIL_REGIOES_UFS_2025.ods,ignorado_ods,,72404,65d3083ac26f5522b80c50a32ce4d222,,
HAD,2025,brasil_regioes_ufs,HAD_2025_BRASIL_REGIOES_UFS.zip,337c89d28d3aa39e20aee17009dc323ac96f1eab729ab6813a2bd9b90182ce45,HAD_2025_BRASIL_REGIOES_UFS/HAD_BRASIL_REGIOES_UFS_2025.xlsx,extraido,bruto/indicadores/HAD/2025/HAD_BRASIL_REGIOES_UFS_2025.xlsx,87559,40aa930e89cc858e713d5406ca3c91ab,True,
HAD,2025,brasil_regioes_ufs,HAD_2025_BRASIL_REGIOES_UFS.zip,337c89d28d3aa39e20aee17009dc323ac96f1eab729ab6813a2bd9b90182ce45,HAD_2025_BRASIL_REGIOES_UFS/MD5_HAD_BRASIL_REGIOES_UFS_2025.txt,extraido,bruto/indicadores/HAD/2025/MD5_HAD_BRASIL_REGIOES_UFS_2025.txt,135,,,
HAD,2025,escolas,HAD_2025_ESCOLAS.zip,918f34dec613a97249fab08996bf1d7c39fe56e2b8149de1ffce7168aee3914c,HAD_2025_ESCOLAS/HAD_ESCOLAS_2025.ods,ignorado_ods,,18542459,d8f71463877b856e8535f3ccc5efcbba,,
HAD,2025,escolas,HAD_2025_ESCOLAS.zip,918f34dec613a97249fab08996bf1d7c39fe56e2b8149de1ffce7168aee3914c,HAD_2025_ESCOLAS/HAD_ESCOLAS_2025.xlsx,extraido,bruto/indicadores/HAD/2025/HAD_ESCOLAS_2025.xlsx,25410140,38c5efe374cb29836e0c3df701d4eaa8,True,
HAD,2025,escolas,HAD_2025_ESCOLAS.zip,918f34dec613a97249fab08996bf1d7c39fe56e2b8149de1ffce7168aee3914c,HAD_2025_ESCOLAS/MD5_HAD_ESCOLAS_2025.txt,extraido,bruto/indicadores/HAD/2025/MD5_HAD_ESCOLAS_2025.txt,113,,,
HAD,2025,municipios,HAD_2025_MUNICIPIOS.zip,93faecce49027679448c02d3c66da74fbd424a46f972838ab35dc547c81f8849,HAD_2025_MUNICIPIOS/HAD_MUNICIPIOS_2025.ods,ignorado_ods,,6272566,57495eb9e2aafccd576a51958750b91f,,
HAD,2025,municipios,HAD_2025_MUNICIPIOS.zip,93faecce49027679448c02d3c66da74fbd424a46f972838ab35dc547c81f8849,HAD_2025_MUNICIPIOS/HAD_MUNICIPIOS_2025.xlsx,extraido,bruto/indicadores/HAD/2025/HAD_MUNICIPIOS_2025.xlsx,8801238,08995fce297260ef3624647c6eec1fdf,True,
HAD,2025,municipios,HAD_2025_MUNICIPIOS.zip,93faecce49027679448c02d3c66da74fbd424a46f972838ab35dc547c81f8849,HAD_2025_MUNICIPIOS/MD5_HAD_MUNICIPIOS_2025.txt,extraido,bruto/indicadores/HAD/2025/MD5_HAD_MUNICIPIOS_2025.txt,119,,,
IED,2019,brasil_regioes_ufs,IED_2019_BRASIL_REGIOES_UFS.zip,add40ec48e7085ef04190659ab528bc264f5e3e0b615674b3080beae2f02f020,IED_2019_BRASIL_REGIOES_UFS/IED_BRASIL_REGIOES_UFS_2019.ods,ignorado_ods,,98816,eed848d402e82884e0d01f323fab15b7,,
IED,2019,brasil_regioes_ufs,IED_2019_BRASIL_REGIOES_UFS.zip,add40ec48e7085ef04190659ab528bc264f5e3e0b615674b3080beae2f02f020,IED_2019_BRASIL_REGIOES_UFS/IED_BRASIL_REGIOES_UFS_2019.xlsx,extraido,bruto/indicadores/IED/2019/IED_BRASIL_REGIOES_UFS_2019.xlsx,111486,c90e2df9e25391d9bf484dd61f3f7dac,True,
IED,2019,brasil_regioes_ufs,IED_2019_BRASIL_REGIOES_UFS.zip,add40ec48e7085ef04190659ab528bc264f5e3e0b615674b3080beae2f02f020,IED_2019_BRASIL_REGIOES_UFS/Thumbs.db,ignorado_lixo,,22016,,,
IED,2019,brasil_regioes_ufs,IED_2019_BRASIL_REGIOES_UFS.zip,add40ec48e7085ef04190659ab528bc264f5e3e0b615674b3080beae2f02f020,IED_2019_BRASIL_REGIOES_UFS/md5_IED_BRASIL_REGIOES_UFS_2019.txt,extraido,bruto/indicadores/IED/2019/md5_IED_BRASIL_REGIOES_UFS_2019.txt,135,,,
IED,2019,escolas,IED_2019_ESCOLAS.zip,44bd668218f81ca0a905f16a2ffc5f60db10e83c4a7c47922705c39ec85086d6,IED_2019_ESCOLAS/IED_ESCOLAS_2019.ods,ignorado_ods,,11385394,c0fa8059f8626b16afb0741111b561c9,,
IED,2019,escolas,IED_2019_ESCOLAS.zip,44bd668218f81ca0a905f16a2ffc5f60db10e83c4a7c47922705c39ec85086d6,IED_2019_ESCOLAS/IED_ESCOLAS_2019.xlsx,extraido,bruto/indicadores/IED/2019/IED_ESCOLAS_2019.xlsx,22125906,d2514f3b6c6dc538fb3b7e421f7741ce,True,
IED,2019,escolas,IED_2019_ESCOLAS.zip,44bd668218f81ca0a905f16a2ffc5f60db10e83c4a7c47922705c39ec85086d6,IED_2019_ESCOLAS/Thumbs.db,ignorado_lixo,,25088,,,
IED,2019,escolas,IED_2019_ESCOLAS.zip,44bd668218f81ca0a905f16a2ffc5f60db10e83c4a7c47922705c39ec85086d6,IED_2019_ESCOLAS/md5_IED_ESCOLAS_2019.txt,extraido,bruto/indicadores/IED/2019/md5_IED_ESCOLAS_2019.txt,113,,,
IED,2019,municipios,IED_2019_MUNICIPIOS.zip,6f9ec0ea8649a53625782f6535b67a9824985d78c676db594b949c2e46d6f9f3,IED_2019_MUNICIPIOS/IED_MUNICIPIOS_2019.ods,ignorado_ods,,5475388,d8a1de90e822d2e3a32f05fafa86e599,,
IED,2019,municipios,IED_2019_MUNICIPIOS.zip,6f9ec0ea8649a53625782f6535b67a9824985d78c676db594b949c2e46d6f9f3,IED_2019_MUNICIPIOS/IED_MUNICIPIOS_2019.xlsx,extraido,bruto/indicadores/IED/2019/IED_MUNICIPIOS_2019.xlsx,10217375,de72b7f837f9be7f435d50c6963e0763,True,
IED,2019,municipios,IED_2019_MUNICIPIOS.zip,6f9ec0ea8649a53625782f6535b67a9824985d78c676db594b949c2e46d6f9f3,IED_2019_MUNICIPIOS/Thumbs.db,ignorado_lixo,,18944,,,
IED,2019,municipios,IED_2019_MUNICIPIOS.zip,6f9ec0ea8649a53625782f6535b67a9824985d78c676db594b949c2e46d6f9f3,IED_2019_MUNICIPIOS/md5_IED_MUNICIPIOS_2019.txt,extraido,bruto/indicadores/IED/2019/md5_IED_MUNICIPIOS_2019.txt,119,,,
IED,2020,brasil_regioes_ufs,IED_2020_BRASIL_REGIOES_UFS.zip,afb09d6c099cc03c7e02573a98b212b04a51cf131c8fc448e7f7f97213cfad0b,IED_2020_BRASIL_REGIOES_UFS/IED_BRASIL_REGIOES_UFS_2020.ods,ignorado_ods,,99042,7969c359f73da207417fdb65e4c990de,,
IED,2020,brasil_regioes_ufs,IED_2020_BRASIL_REGIOES_UFS.zip,afb09d6c099cc03c7e02573a98b212b04a51cf131c8fc448e7f7f97213cfad0b,IED_2020_BRASIL_REGIOES_UFS/IED_BRASIL_REGIOES_UFS_2020.xlsx,extraido,bruto/indicadores/IED/2020/IED_BRASIL_REGIOES_UFS_2020.xlsx,116282,50be701c41757c9fb452ff45fbdfa176,True,
IED,2020,brasil_regioes_ufs,IED_2020_BRASIL_REGIOES_UFS.zip,afb09d6c099cc03c7e02573a98b212b04a51cf131c8fc448e7f7f97213cfad0b,IED_2020_BRASIL_REGIOES_UFS/md5_IED_BRASIL_REGIOES_UFS_2020.txt,extraido,bruto/indicadores/IED/2020/md5_IED_BRASIL_REGIOES_UFS_2020.txt,135,,,
IED,2020,escolas,IED_2020_ESCOLAS.zip,4719f373ea05cb85db79f694ee64b85726a39756198d7eb17ad5561e71ad5630,IED_2020_ESCOLAS/IED_ESCOLAS_2020.ods,ignorado_ods,,11431041,fa43717ddff7bb8db70a6ced7ca37f50,,
IED,2020,escolas,IED_2020_ESCOLAS.zip,4719f373ea05cb85db79f694ee64b85726a39756198d7eb17ad5561e71ad5630,IED_2020_ESCOLAS/IED_ESCOLAS_2020.xlsx,extraido,bruto/indicadores/IED/2020/IED_ESCOLAS_2020.xlsx,22314558,7524edc039a734bc1b0cf0e06b32e37e,True,
IED,2020,escolas,IED_2020_ESCOLAS.zip,4719f373ea05cb85db79f694ee64b85726a39756198d7eb17ad5561e71ad5630,IED_2020_ESCOLAS/md5_IED_ESCOLAS_2020.txt,extraido,bruto/indicadores/IED/2020/md5_IED_ESCOLAS_2020.txt,113,,,
IED,2020,municipios,IED_2020_MUNICIPIOS.zip,dd176e779a5bf2018f215b33514a3f38a2f9e689d3134ac16d16042ba77f2e01,IED_2020_MUNICIPIOS/IED_MUNICIPIOS_2020.ods,ignorado_ods,,5483379,4a95482e79a43023b99d53117f1d693f,,
IED,2020,municipios,IED_2020_MUNICIPIOS.zip,dd176e779a5bf2018f215b33514a3f38a2f9e689d3134ac16d16042ba77f2e01,IED_2020_MUNICIPIOS/IED_MUNICIPIOS_2020.xlsx,extraido,bruto/indicadores/IED/2020/IED_MUNICIPIOS_2020.xlsx,10734142,4b1480ed9626396e12fb6ab4464110ad,True,
IED,2020,municipios,IED_2020_MUNICIPIOS.zip,dd176e779a5bf2018f215b33514a3f38a2f9e689d3134ac16d16042ba77f2e01,IED_2020_MUNICIPIOS/md5_IED_MUNICIPIOS_2020.txt,extraido,bruto/indicadores/IED/2020/md5_IED_MUNICIPIOS_2020.txt,119,,,
IED,2021,brasil_regioes_ufs,IED_2021_BRASIL_REGIOES_UFS.zip,c9652de166de15d7fa1daa12666b5adaf756b6cbe7657c93064f6bb3374bb1be,IED_2021_BRASIL_REGIOES_UFS/IED_BRASIL_REGIOES_UFS_2021.ods,ignorado_ods,,99110,ba49d37c2eba3150ccb1f5b94d9c6e54,,
IED,2021,brasil_regioes_ufs,IED_2021_BRASIL_REGIOES_UFS.zip,c9652de166de15d7fa1daa12666b5adaf756b6cbe7657c93064f6bb3374bb1be,IED_2021_BRASIL_REGIOES_UFS/IED_BRASIL_REGIOES_UFS_2021.xlsx,extraido,bruto/indicadores/IED/2021/IED_BRASIL_REGIOES_UFS_2021.xlsx,111407,41c650fe8e0f93cb5c64133efba9aeae,True,
IED,2021,brasil_regioes_ufs,IED_2021_BRASIL_REGIOES_UFS.zip,c9652de166de15d7fa1daa12666b5adaf756b6cbe7657c93064f6bb3374bb1be,IED_2021_BRASIL_REGIOES_UFS/md5_IED_BRASIL_REGIOES_UFS_2021.txt,extraido,bruto/indicadores/IED/2021/md5_IED_BRASIL_REGIOES_UFS_2021.txt,135,,,
IED,2021,escolas,IED_2021_ESCOLAS.zip,987677971c0a80e75d418f4a0f1fbdc5fc899511f738c5810c9f58519d38cde2,IED_2021_ESCOLAS/IED_ESCOLAS_2021.ods,ignorado_ods,,11402078,02027c9dd28dd895eb01a803e9dfd4d1,,
IED,2021,escolas,IED_2021_ESCOLAS.zip,987677971c0a80e75d418f4a0f1fbdc5fc899511f738c5810c9f58519d38cde2,IED_2021_ESCOLAS/IED_ESCOLAS_2021.xlsx,extraido,bruto/indicadores/IED/2021/IED_ESCOLAS_2021.xlsx,22236032,87bafccc4bfd3380bda8a1e52e75994c,True,
IED,2021,escolas,IED_2021_ESCOLAS.zip,987677971c0a80e75d418f4a0f1fbdc5fc899511f738c5810c9f58519d38cde2,IED_2021_ESCOLAS/md5_IED_ESCOLAS_2021.txt,extraido,bruto/indicadores/IED/2021/md5_IED_ESCOLAS_2021.txt,113,,,
IED,2021,municipios,IED_2021_MUNICIPIOS.zip,2c22dc6dff0a476c4e75fc6ed7db53309ef7fa8538b0e81d476b9ed09ee23a33,IED_2021_MUNICIPIOS/IED_MUNICIPIOS_2021.ods,ignorado_ods,,5475009,8a0acbfd994f883c13d07923db76a532,,
IED,2021,municipios,IED_2021_MUNICIPIOS.zip,2c22dc6dff0a476c4e75fc6ed7db53309ef7fa8538b0e81d476b9ed09ee23a33,IED_2021_MUNICIPIOS/IED_MUNICIPIOS_2021.xlsx,extraido,bruto/indicadores/IED/2021/IED_MUNICIPIOS_2021.xlsx,10248969,032e04cc90ac8cec5ceb9b9f95abe690,True,
IED,2021,municipios,IED_2021_MUNICIPIOS.zip,2c22dc6dff0a476c4e75fc6ed7db53309ef7fa8538b0e81d476b9ed09ee23a33,IED_2021_MUNICIPIOS/md5_IED_MUNICIPIOS_2021.txt,extraido,bruto/indicadores/IED/2021/md5_IED_MUNICIPIOS_2021.txt,119,,,
IED,2022,brasil_regioes_ufs,IED_2022_BRASIL_REGIOES_UFS.zip,e37ebf07c4aabf77d712556e84baa130f44563b2ee80959d72c9dbf3f5b3843d,IED_2022_BRASIL_REGIOES_UFS/IED_BRASIL_REGIOES_UFS_2022.ods,ignorado_ods,,109473,102a136bd42cdb54e70497a75e154cd1,,
IED,2022,brasil_regioes_ufs,IED_2022_BRASIL_REGIOES_UFS.zip,e37ebf07c4aabf77d712556e84baa130f44563b2ee80959d72c9dbf3f5b3843d,IED_2022_BRASIL_REGIOES_UFS/IED_BRASIL_REGIOES_UFS_2022.xlsx,extraido,bruto/indicadores/IED/2022/IED_BRASIL_REGIOES_UFS_2022.xlsx,110874,59a6be8092192374cf22af6ad263d5fa,True,
IED,2022,brasil_regioes_ufs,IED_2022_BRASIL_REGIOES_UFS.zip,e37ebf07c4aabf77d712556e84baa130f44563b2ee80959d72c9dbf3f5b3843d,IED_2022_BRASIL_REGIOES_UFS/MD5_IED_BRASIL_REGIOES_UFS_2022.txt,extraido,bruto/indicadores/IED/2022/MD5_IED_BRASIL_REGIOES_UFS_2022.txt,135,,,
IED,2022,escolas,IED_2022_ESCOLAS.zip,13dda68bbcb24c8d4973822f3d4921b399da97d7c8bf55edaab470eeb0ed9c70,IED_2022_ESCOLAS/IED_ESCOLAS_2022.ods,ignorado_ods,,18526371,a498a5d3cdf044715fd86a12b806e5bb,,
IED,2022,escolas,IED_2022_ESCOLAS.zip,13dda68bbcb24c8d4973822f3d4921b399da97d7c8bf55edaab470eeb0ed9c70,IED_2022_ESCOLAS/IED_ESCOLAS_2022.xlsx,extraido,bruto/indicadores/IED/2022/IED_ESCOLAS_2022.xlsx,22136744,c7544252a3963ef816390babaf605b1a,True,
IED,2022,escolas,IED_2022_ESCOLAS.zip,13dda68bbcb24c8d4973822f3d4921b399da97d7c8bf55edaab470eeb0ed9c70,IED_2022_ESCOLAS/MD5_IED_ESCOLAS_2022.txt,extraido,bruto/indicadores/IED/2022/MD5_IED_ESCOLAS_2022.txt,113,,,
IED,2022,municipios,IED_2022_MUNICIPIOS.zip,6072d642479beb75fdf579905e4480f615cb40eff646eb8af68f99d303b51788,IED_2022_MUNICIPIOS/IED_MUNICIPIOS_2022.ods,ignorado_ods,,8548592,820021e6273cb7906c11993cfcf49618,,
IED,2022,municipios,IED_2022_MUNICIPIOS.zip,6072d642479beb75fdf579905e4480f615cb40eff646eb8af68f99d303b51788,IED_2022_MUNICIPIOS/IED_MUNICIPIOS_2022.xlsx,extraido,bruto/indicadores/IED/2022/IED_MUNICIPIOS_2022.xlsx,10244211,22eb0b7c334d42e2b4c3761b02f4b976,True,
IED,2022,municipios,IED_2022_MUNICIPIOS.zip,6072d642479beb75fdf579905e4480f615cb40eff646eb8af68f99d303b51788,IED_2022_MUNICIPIOS/MD5_IED_MUNICIPIOS_2022.txt,extraido,bruto/indicadores/IED/2022/MD5_IED_MUNICIPIOS_2022.txt,119,,,
IED,2023,brasil_regioes_ufs,IED_2023_BRASIL_REGIOES_UFS.zip,e887a36027523eac3462bca4bd3b76e28b8cd9a247b6010abc833ebe83d50247,IED_2023_BRASIL_REGIOES_UFS/IED_BRASIL_REGIOES_UFS_2023.ods,ignorado_ods,,109137,b5a12bd7889d9c203a06f33ca2867862,,
IED,2023,brasil_regioes_ufs,IED_2023_BRASIL_REGIOES_UFS.zip,e887a36027523eac3462bca4bd3b76e28b8cd9a247b6010abc833ebe83d50247,IED_2023_BRASIL_REGIOES_UFS/IED_BRASIL_REGIOES_UFS_2023.xlsx,extraido,bruto/indicadores/IED/2023/IED_BRASIL_REGIOES_UFS_2023.xlsx,110654,a3f4938e8580b769e9eda3bc7fcebf7a,True,
IED,2023,brasil_regioes_ufs,IED_2023_BRASIL_REGIOES_UFS.zip,e887a36027523eac3462bca4bd3b76e28b8cd9a247b6010abc833ebe83d50247,IED_2023_BRASIL_REGIOES_UFS/MD5_IED_BRASIL_REGIOES_UFS_2023.txt,extraido,bruto/indicadores/IED/2023/MD5_IED_BRASIL_REGIOES_UFS_2023.txt,135,,,
IED,2023,escolas,IED_2023_ESCOLAS.zip,945c905429aec74ae86c5101ae553b20d7f66e606d61791f772fc99232060299,IED_2023_ESCOLAS/IED_ESCOLAS_2023.ods,ignorado_ods,,18457750,60625e1b28cb1c8e00743b8960e00b3e,,
IED,2023,escolas,IED_2023_ESCOLAS.zip,945c905429aec74ae86c5101ae553b20d7f66e606d61791f772fc99232060299,IED_2023_ESCOLAS/IED_ESCOLAS_2023.xlsx,extraido,bruto/indicadores/IED/2023/IED_ESCOLAS_2023.xlsx,21978579,3e77a3a88e8d3aee7a33d86c4c647e09,True,
IED,2023,escolas,IED_2023_ESCOLAS.zip,945c905429aec74ae86c5101ae553b20d7f66e606d61791f772fc99232060299,IED_2023_ESCOLAS/MD5_IED_ESCOLAS_2023.txt,extraido,bruto/indicadores/IED/2023/MD5_IED_ESCOLAS_2023.txt,113,,,
IED,2023,municipios,IED_2023_MUNICIPIOS.zip,1dfe22954b79f6f9524ea0e8a6d2f3391fd18c22dd0443e3c37cf1907dbfc206,IED_2023_MUNICIPIOS/IED_MUNICIPIOS_2023.ods,ignorado_ods,,8522466,329235614ec7aad352dbf4f389d466df,,
IED,2023,municipios,IED_2023_MUNICIPIOS.zip,1dfe22954b79f6f9524ea0e8a6d2f3391fd18c22dd0443e3c37cf1907dbfc206,IED_2023_MUNICIPIOS/IED_MUNICIPIOS_2023.xlsx,extraido,bruto/indicadores/IED/2023/IED_MUNICIPIOS_2023.xlsx,10240685,41e7e74d81dd1d78f646ce7bc6d11860,True,
IED,2023,municipios,IED_2023_MUNICIPIOS.zip,1dfe22954b79f6f9524ea0e8a6d2f3391fd18c22dd0443e3c37cf1907dbfc206,IED_2023_MUNICIPIOS/MD5_IED_MUNICIPIOS_2023.txt,extraido,bruto/indicadores/IED/2023/MD5_IED_MUNICIPIOS_2023.txt,119,,,
IED,2024,brasil_regioes_ufs,IED_2024_BRASIL_REGIOES_UFS.zip,3159f0c36681e16b3a804067064af27c9fea6d97910836a33e755e9137b50fd3,IED_2024_BRASIL_REGIOES_UFS/IED_BRASIL_REGIOES_UFS_2024.ods,ignorado_ods,,109048,09672149088c3f5082ca141a2541610a,,
IED,2024,brasil_regioes_ufs,IED_2024_BRASIL_REGIOES_UFS.zip,3159f0c36681e16b3a804067064af27c9fea6d97910836a33e755e9137b50fd3,IED_2024_BRASIL_REGIOES_UFS/IED_BRASIL_REGIOES_UFS_2024.xlsx,extraido,bruto/indicadores/IED/2024/IED_BRASIL_REGIOES_UFS_2024.xlsx,110698,f246d73b88d2a3d3bacabade0b98ddf8,True,
IED,2024,brasil_regioes_ufs,IED_2024_BRASIL_REGIOES_UFS.zip,3159f0c36681e16b3a804067064af27c9fea6d97910836a33e755e9137b50fd3,IED_2024_BRASIL_REGIOES_UFS/MD5_IED_BRASIL_REGIOES_UFS_2024.txt,extraido,bruto/indicadores/IED/2024/MD5_IED_BRASIL_REGIOES_UFS_2024.txt,135,,,
IED,2024,escolas,IED_2024_ESCOLAS.zip,857b1aa4f0ebc97cdb53926f781ffabd6d048a9392cbc2b6f7569ba1bb358069,IED_2024_ESCOLAS/IED_ESCOLAS_2024.ods,ignorado_ods,,18443082,ae5496dfb663428c2e99c53ab8eb6023,,
IED,2024,escolas,IED_2024_ESCOLAS.zip,857b1aa4f0ebc97cdb53926f781ffabd6d048a9392cbc2b6f7569ba1bb358069,IED_2024_ESCOLAS/IED_ESCOLAS_2024.xlsx,extraido,bruto/indicadores/IED/2024/IED_ESCOLAS_2024.xlsx,21943204,df27577612829a64b5fa1a7f690ffb1d,True,
IED,2024,escolas,IED_2024_ESCOLAS.zip,857b1aa4f0ebc97cdb53926f781ffabd6d048a9392cbc2b6f7569ba1bb358069,IED_2024_ESCOLAS/MD5_IED_ESCOLAS_2024.txt,extraido,bruto/indicadores/IED/2024/MD5_IED_ESCOLAS_2024.txt,113,,,
IED,2024,municipios,IED_2024_MUNICIPIOS.zip,676c04c5a098ddc2ee26c4e6457b99cc5e35ab39b0829f1d88cc017f662684ea,IED_2024_MUNICIPIOS/IED_MUNICIPIOS_2024.ods,ignorado_ods,,8493454,422eaa0b753b02ac750e1d2f5b22cd5e,,
IED,2024,municipios,IED_2024_MUNICIPIOS.zip,676c04c5a098ddc2ee26c4e6457b99cc5e35ab39b0829f1d88cc017f662684ea,IED_2024_MUNICIPIOS/IED_MUNICIPIOS_2024.xlsx,extraido,bruto/indicadores/IED/2024/IED_MUNICIPIOS_2024.xlsx,10223762,bf39447d2c575c9791fe0530094a5870,True,
IED,2024,municipios,IED_2024_MUNICIPIOS.zip,676c04c5a098ddc2ee26c4e6457b99cc5e35ab39b0829f1d88cc017f662684ea,IED_2024_MUNICIPIOS/MD5_IED_MUNICIPIOS_2024.txt,extraido,bruto/indicadores/IED/2024/MD5_IED_MUNICIPIOS_2024.txt,119,,,
IED,2025,brasil_regioes_ufs,IED_2025_BRASIL_REGIOES_UFS.zip,a4a61f03b81a8b0315da7be149af431756df5cad746f8cae974d483738940e20,IED_2025_BRASIL_REGIOES_UFS/IED_BRASIL_REGIOES_UFS_2025.ods,ignorado_ods,,108638,7b2bf7d7932b13658b265db53bdacc17,,
IED,2025,brasil_regioes_ufs,IED_2025_BRASIL_REGIOES_UFS.zip,a4a61f03b81a8b0315da7be149af431756df5cad746f8cae974d483738940e20,IED_2025_BRASIL_REGIOES_UFS/IED_BRASIL_REGIOES_UFS_2025.xlsx,extraido,bruto/indicadores/IED/2025/IED_BRASIL_REGIOES_UFS_2025.xlsx,110789,57750fcc391fcee7f8b94baa09b56219,True,
IED,2025,brasil_regioes_ufs,IED_2025_BRASIL_REGIOES_UFS.zip,a4a61f03b81a8b0315da7be149af431756df5cad746f8cae974d483738940e20,IED_2025_BRASIL_REGIOES_UFS/MD5_IED_BRASIL_REGIOES_UFS_2025.txt,extraido,bruto/indicadores/IED/2025/MD5_IED_BRASIL_REGIOES_UFS_2025.txt,135,,,
IED,2025,escolas,IED_2025_ESCOLAS.zip,cfab101f6915570600c603fb36fd75f095ccca73b03819c0b1c821df049b40e3,IED_2025_ESCOLAS/IED_ESCOLAS_2025.ods,ignorado_ods,,18352081,7d322e565d6021b4fafa36cb29c35870,,
IED,2025,escolas,IED_2025_ESCOLAS.zip,cfab101f6915570600c603fb36fd75f095ccca73b03819c0b1c821df049b40e3,IED_2025_ESCOLAS/IED_ESCOLAS_2025.xlsx,extraido,bruto/indicadores/IED/2025/IED_ESCOLAS_2025.xlsx,21691225,fb68812935638be28149d859507a9c82,True,
IED,2025,escolas,IED_2025_ESCOLAS.zip,cfab101f6915570600c603fb36fd75f095ccca73b03819c0b1c821df049b40e3,IED_2025_ESCOLAS/MD5_IED_ESCOLAS_2025.txt,extraido,bruto/indicadores/IED/2025/MD5_IED_ESCOLAS_2025.txt,113,,,
IED,2025,municipios,IED_2025_MUNICIPIOS.zip,71f3b158b663081c0a1f83adb0f87cf5719187784ef48c6452663e7cb3d9e3db,IED_2025_MUNICIPIOS/IED_MUNICIPIOS_2025.ods,ignorado_ods,,8494059,07125b62969eb28901b0fc2c52a35d5a,,
IED,2025,municipios,IED_2025_MUNICIPIOS.zip,71f3b158b663081c0a1f83adb0f87cf5719187784ef48c6452663e7cb3d9e3db,IED_2025_MUNICIPIOS/IED_MUNICIPIOS_2025.xlsx,extraido,bruto/indicadores/IED/2025/IED_MUNICIPIOS_2025.xlsx,10212841,cf68a88a758379b51903f63b55a9d4c7,True,
IED,2025,municipios,IED_2025_MUNICIPIOS.zip,71f3b158b663081c0a1f83adb0f87cf5719187784ef48c6452663e7cb3d9e3db,IED_2025_MUNICIPIOS/MD5_IED_MUNICIPIOS_2025.txt,extraido,bruto/indicadores/IED/2025/MD5_IED_MUNICIPIOS_2025.txt,119,,,
TDI,2019,brasil_regioes_ufs,TDI_2019_BRASIL_REGIOES_UFS.zip,575cb3ca3c555f79d02ee6d0a5231acc62c4bb9769f8ffc9d3c0d413e2c7a4ef,TDI_2019_BRASIL_REGIOES_UFS/TDI_BRASIL_REGIOES_UFS_2019.ods,ignorado_ods,,81246,b08f2ed77f8fa914233af0947718700c,,
TDI,2019,brasil_regioes_ufs,TDI_2019_BRASIL_REGIOES_UFS.zip,575cb3ca3c555f79d02ee6d0a5231acc62c4bb9769f8ffc9d3c0d413e2c7a4ef,TDI_2019_BRASIL_REGIOES_UFS/TDI_BRASIL_REGIOES_UFS_2019.xlsx,extraido,bruto/indicadores/TDI/2019/TDI_BRASIL_REGIOES_UFS_2019.xlsx,88232,e40cde9ab54bbc0692b35010696342df,True,
TDI,2019,brasil_regioes_ufs,TDI_2019_BRASIL_REGIOES_UFS.zip,575cb3ca3c555f79d02ee6d0a5231acc62c4bb9769f8ffc9d3c0d413e2c7a4ef,TDI_2019_BRASIL_REGIOES_UFS/Thumbs.db,ignorado_lixo,,59904,,,
TDI,2019,brasil_regioes_ufs,TDI_2019_BRASIL_REGIOES_UFS.zip,575cb3ca3c555f79d02ee6d0a5231acc62c4bb9769f8ffc9d3c0d413e2c7a4ef,TDI_2019_BRASIL_REGIOES_UFS/md5_TDI_BRASIL_REGIOES_UFS_2019.txt,extraido,bruto/indicadores/TDI/2019/md5_TDI_BRASIL_REGIOES_UFS_2019.txt,135,,,
TDI,2019,escolas,TDI_2019_ESCOLAS.zip,503552bc2fa250d3acab4d8b1a52d682f8f592b4711ec24870d2347f578647f4,TDI_2019_ESCOLAS/TDI_ESCOLAS_2019.ods,ignorado_ods,,11733085,a1bdb9254e72ab0ecf4717d21efbffe4,,
TDI,2019,escolas,TDI_2019_ESCOLAS.zip,503552bc2fa250d3acab4d8b1a52d682f8f592b4711ec24870d2347f578647f4,TDI_2019_ESCOLAS/TDI_ESCOLAS_2019.xlsx,extraido,bruto/indicadores/TDI/2019/TDI_ESCOLAS_2019.xlsx,19557134,1aac2eec8c4806e2cd102ef01befe5e5,True,
TDI,2019,escolas,TDI_2019_ESCOLAS.zip,503552bc2fa250d3acab4d8b1a52d682f8f592b4711ec24870d2347f578647f4,TDI_2019_ESCOLAS/Thumbs.db,ignorado_lixo,,20480,,,
TDI,2019,escolas,TDI_2019_ESCOLAS.zip,503552bc2fa250d3acab4d8b1a52d682f8f592b4711ec24870d2347f578647f4,TDI_2019_ESCOLAS/md5_TDI_ESCOLAS_2019.txt,extraido,bruto/indicadores/TDI/2019/md5_TDI_ESCOLAS_2019.txt,113,,,
TDI,2019,municipios,TDI_2019_MUNICIPIOS.zip,1f43859ed2143e2f95b0561b8e0076ad8188ba5872d4107648cadfaa402ac043,TDI_2019_MUNICIPIOS/TDI_MUNICIPIOS_2019.ods,ignorado_ods,,4143296,9e05c89ddda7966caefd431cd85b8be8,,
TDI,2019,municipios,TDI_2019_MUNICIPIOS.zip,1f43859ed2143e2f95b0561b8e0076ad8188ba5872d4107648cadfaa402ac043,TDI_2019_MUNICIPIOS/TDI_MUNICIPIOS_2019.xlsx,extraido,bruto/indicadores/TDI/2019/TDI_MUNICIPIOS_2019.xlsx,8159738,0a6b157f062d26f3b091b7845c3c4277,True,
TDI,2019,municipios,TDI_2019_MUNICIPIOS.zip,1f43859ed2143e2f95b0561b8e0076ad8188ba5872d4107648cadfaa402ac043,TDI_2019_MUNICIPIOS/Thumbs.db,ignorado_lixo,,19456,,,
TDI,2019,municipios,TDI_2019_MUNICIPIOS.zip,1f43859ed2143e2f95b0561b8e0076ad8188ba5872d4107648cadfaa402ac043,TDI_2019_MUNICIPIOS/md5_TDI_MUNICIPIOS_2019.txt,extraido,bruto/indicadores/TDI/2019/md5_TDI_MUNICIPIOS_2019.txt,119,,,
TDI,2020,brasil_regioes_ufs,TDI_2020_BRASIL_REGIOES_UFS.zip,dd7e7a3c79767d27d7232d01c7444335a4ffe0f0229fbd65046b0274c347aaa4,TDI_2020_BRASIL_REGIOES_UFS/TDI_BRASIL_REGIOES_UFS_2020.ods,ignorado_ods,,81553,703191b23b0ee6f10007359e74264fb6,,
TDI,2020,brasil_regioes_ufs,TDI_2020_BRASIL_REGIOES_UFS.zip,dd7e7a3c79767d27d7232d01c7444335a4ffe0f0229fbd65046b0274c347aaa4,TDI_2020_BRASIL_REGIOES_UFS/TDI_BRASIL_REGIOES_UFS_2020.xlsx,extraido,bruto/indicadores/TDI/2020/TDI_BRASIL_REGIOES_UFS_2020.xlsx,92026,9775a774037f33278c5497ce1c252e2a,True,
TDI,2020,brasil_regioes_ufs,TDI_2020_BRASIL_REGIOES_UFS.zip,dd7e7a3c79767d27d7232d01c7444335a4ffe0f0229fbd65046b0274c347aaa4,TDI_2020_BRASIL_REGIOES_UFS/md5_TDI_BRASIL_REGIOES_UFS_2020.txt,extraido,bruto/indicadores/TDI/2020/md5_TDI_BRASIL_REGIOES_UFS_2020.txt,135,,,
TDI,2020,escolas,TDI_2020_ESCOLAS.zip,3b0ca0ecd7d5349e4cfd7c228dbef09372fe8b38d90c8f60e4c0817dbfd907da,TDI_2020_ESCOLAS/TDI_ESCOLAS_2020.ods,ignorado_ods,,11568859,d42f2c039799426e43a16bc41e09445e,,
TDI,2020,escolas,TDI_2020_ESCOLAS.zip,3b0ca0ecd7d5349e4cfd7c228dbef09372fe8b38d90c8f60e4c0817dbfd907da,TDI_2020_ESCOLAS/TDI_ESCOLAS_2020.xlsx,extraido,bruto/indicadores/TDI/2020/TDI_ESCOLAS_2020.xlsx,19426515,d42f2c039799426e43a16bc41e09445e,True,
TDI,2020,escolas,TDI_2020_ESCOLAS.zip,3b0ca0ecd7d5349e4cfd7c228dbef09372fe8b38d90c8f60e4c0817dbfd907da,TDI_2020_ESCOLAS/md5_TDI_ESCOLAS_2020.txt,extraido,bruto/indicadores/TDI/2020/md5_TDI_ESCOLAS_2020.txt,113,,,
TDI,2020,municipios,TDI_2020_MUNICIPIOS.zip,7669b1e33368d25d87431c9f07fe1b31362cfd574754c6867d5d70c61e73bc82,TDI_2020_MUNICIPIOS/TDI_MUNICIPIOS_2020.ods,ignorado_ods,,4109623,803b4a02d66fe43304be06e5f7ac06c1,,
TDI,2020,municipios,TDI_2020_MUNICIPIOS.zip,7669b1e33368d25d87431c9f07fe1b31362cfd574754c6867d5d70c61e73bc82,TDI_2020_MUNICIPIOS/TDI_MUNICIPIOS_2020.xlsx,extraido,bruto/indicadores/TDI/2020/TDI_MUNICIPIOS_2020.xlsx,8748182,e98774c98ea3dc30fc8a3a198f89f2aa,True,
TDI,2020,municipios,TDI_2020_MUNICIPIOS.zip,7669b1e33368d25d87431c9f07fe1b31362cfd574754c6867d5d70c61e73bc82,TDI_2020_MUNICIPIOS/md5_TDI_MUNICIPIOS_2020.txt,extraido,bruto/indicadores/TDI/2020/md5_TDI_MUNICIPIOS_2020.txt,119,,,
TDI,2021,brasil_regioes_ufs,TDI_2021_BRASIL_REGIOES_UFS.zip,b4c874e7965f04521a89985f037795e41a744a2e0a4570a7e2a3be281ec370c6,TDI_2021_BRASIL_REGIOES_UFS/TDI_BRASIL_REGIOES_UFS_2021.ods,ignorado_ods,,80799,fa9144a68825e6113ca642fc41e95f47,,
TDI,2021,brasil_regioes_ufs,TDI_2021_BRASIL_REGIOES_UFS.zip,b4c874e7965f04521a89985f037795e41a744a2e0a4570a7e2a3be281ec370c6,TDI_2021_BRASIL_REGIOES_UFS/TDI_BRASIL_REGIOES_UFS_2021.xlsx,extraido,bruto/indicadores/TDI/2021/TDI_BRASIL_REGIOES_UFS_2021.xlsx,87735,ddc16fead4051c27268cb49bbf9674a1,True,
TDI,2021,brasil_regioes_ufs,TDI_2021_BRASIL_REGIOES_UFS.zip,b4c874e7965f04521a89985f037795e41a744a2e0a4570a7e2a3be281ec370c6,TDI_2021_BRASIL_REGIOES_UFS/md5_TDI_BRASIL_REGIOES_UFS_2021.txt,extraido,bruto/indicadores/TDI/2021/md5_TDI_BRASIL_REGIOES_UFS_2021.txt,135,,,
TDI,2021,escolas,TDI_2021_ESCOLAS.zip,6065e626556f0162401b1d225ddfdfb8b0f5cc22cf89e7dcb99a062584722423,TDI_2021_ESCOLAS/TDI_ESCOLAS_2021.ods,ignorado_ods,,11366073,77a2d3427b9c2310b9b21d5d6ec46d80,,
TDI,2021,escolas,TDI_2021_ESCOLAS.zip,6065e626556f0162401b1d225ddfdfb8b0f5cc22cf89e7dcb99a062584722423,TDI_2021_ESCOLAS/TDI_ESCOLAS_2021.xlsx,extraido,bruto/indicadores/TDI/2021/TDI_ESCOLAS_2021.xlsx,19220813,a8c99e86236195f154ddbfec4f7beb78,True,
TDI,2021,escolas,TDI_2021_ESCOLAS.zip,6065e626556f0162401b1d225ddfdfb8b0f5cc22cf89e7dcb99a062584722423,TDI_2021_ESCOLAS/md5_TDI_ESCOLAS_2021.txt,extraido,bruto/indicadores/TDI/2021/md5_TDI_ESCOLAS_2021.txt,113,,,
TDI,2021,municipios,TDI_2021_MUNICIPIOS.zip,d42183db9b66dd45f30268560305bf94bfe08fc757be496678a89e9e5055b797,TDI_2021_MUNICIPIOS/TDI_MUNICIPIOS_2021.ods,ignorado_ods,,4041662,0248b43eeb5ccd817a8c1eb6b7ebada6,,
TDI,2021,municipios,TDI_2021_MUNICIPIOS.zip,d42183db9b66dd45f30268560305bf94bfe08fc757be496678a89e9e5055b797,TDI_2021_MUNICIPIOS/TDI_MUNICIPIOS_2021.xlsx,extraido,bruto/indicadores/TDI/2021/TDI_MUNICIPIOS_2021.xlsx,8131115,38d413eae4d937da5d3828fdf16e449a,False,
TDI,2021,municipios,TDI_2021_MUNICIPIOS.zip,d42183db9b66dd45f30268560305bf94bfe08fc757be496678a89e9e5055b797,TDI_2021_MUNICIPIOS/md5_TDI_MUNICIPIOS_2021.txt,extraido,bruto/indicadores/TDI/2021/md5_TDI_MUNICIPIOS_2021.txt,119,,,
TDI,2022,brasil_regioes_ufs,TDI_2022_BRASIL_REGIOES_UFS.zip,50985dff8ed2834ecc3cf1a0a9f59f32364476f19a0e059dcff812cf70ee5088,TDI_2022_BRASIL_REGIOES_UFS/MD5_TDI_BRASIL_REGIOES_UFS_2022.txt,extraido,bruto/indicadores/TDI/2022/MD5_TDI_BRASIL_REGIOES_UFS_2022.txt,135,,,
TDI,2022,brasil_regioes_ufs,TDI_2022_BRASIL_REGIOES_UFS.zip,50985dff8ed2834ecc3cf1a0a9f59f32364476f19a0e059dcff812cf70ee5088,TDI_2022_BRASIL_REGIOES_UFS/TDI_BRASIL_REGIOES_UFS_2022.ods,ignorado_ods,,87307,4a7feb6c709d53c4efd4efebc121e7ae,,
TDI,2022,brasil_regioes_ufs,TDI_2022_BRASIL_REGIOES_UFS.zip,50985dff8ed2834ecc3cf1a0a9f59f32364476f19a0e059dcff812cf70ee5088,TDI_2022_BRASIL_REGIOES_UFS/TDI_BRASIL_REGIOES_UFS_2022.xlsx,extraido,bruto/indicadores/TDI/2022/TDI_BRASIL_REGIOES_UFS_2022.xlsx,87094,84deb1790b85f5a5d098718aaac602c8,True,
TDI,2022,escolas,TDI_2022_ESCOLAS.zip,23eeaee0096a4014252a3b6ae21ab54ea737b4fbe6efcc12cca15c446b0d1eba,TDI_2022_ESCOLAS/MD5_TDI_ESCOLAS_2022.txt,extraido,bruto/indicadores/TDI/2022/MD5_TDI_ESCOLAS_2022.txt,113,,,
TDI,2022,escolas,TDI_2022_ESCOLAS.zip,23eeaee0096a4014252a3b6ae21ab54ea737b4fbe6efcc12cca15c446b0d1eba,TDI_2022_ESCOLAS/TDI_ESCOLAS_2022.ods,ignorado_ods,,17476286,ae22c9792404841c3f4c1a60622f1f61,,
TDI,2022,escolas,TDI_2022_ESCOLAS.zip,23eeaee0096a4014252a3b6ae21ab54ea737b4fbe6efcc12cca15c446b0d1eba,TDI_2022_ESCOLAS/TDI_ESCOLAS_2022.xlsx,extraido,bruto/indicadores/TDI/2022/TDI_ESCOLAS_2022.xlsx,18936997,60f0dcaf3e25dd3349e715b85271ef0c,True,
TDI,2022,municipios,TDI_2022_MUNICIPIOS.zip,30ca963d8accdcd7a3715e996e00720e872731d1e08491253d48304c6f263f0b,TDI_2022_MUNICIPIOS/MD5_TDI_MUNICIPIOS_2022.txt,extraido,bruto/indicadores/TDI/2022/MD5_TDI_MUNICIPIOS_2022.txt,119,,,
TDI,2022,municipios,TDI_2022_MUNICIPIOS.zip,30ca963d8accdcd7a3715e996e00720e872731d1e08491253d48304c6f263f0b,TDI_2022_MUNICIPIOS/TDI_MUNICIPIOS_2022.ods,ignorado_ods,,6759524,470227df0bf9222646bdf9cc6b6494f5,,
TDI,2022,municipios,TDI_2022_MUNICIPIOS.zip,30ca963d8accdcd7a3715e996e00720e872731d1e08491253d48304c6f263f0b,TDI_2022_MUNICIPIOS/TDI_MUNICIPIOS_2022.xlsx,extraido,bruto/indicadores/TDI/2022/TDI_MUNICIPIOS_2022.xlsx,8085713,44b3de59fd2a0086799dec2ea3d98eb1,True,
TDI,2023,brasil_regioes_ufs,TDI_2023_BRASIL_REGIOES_UFS.zip,ef961d0bf76260ce04d94af5fbb3b90993a0c2f5718b0bcce1f92391be0b6c71,TDI_2023_BRASIL_REGIOES_UFS/MD5_TDI_BRASIL_REGIOES_UFS_2023.txt,extraido,bruto/indicadores/TDI/2023/MD5_TDI_BRASIL_REGIOES_UFS_2023.txt,135,,,
TDI,2023,brasil_regioes_ufs,TDI_2023_BRASIL_REGIOES_UFS.zip,ef961d0bf76260ce04d94af5fbb3b90993a0c2f5718b0bcce1f92391be0b6c71,TDI_2023_BRASIL_REGIOES_UFS/TDI_BRASIL_REGIOES_UFS_2023.ods,ignorado_ods,,86019,58fb22ee75f330639fd6569f541d5a91,,
TDI,2023,brasil_regioes_ufs,TDI_2023_BRASIL_REGIOES_UFS.zip,ef961d0bf76260ce04d94af5fbb3b90993a0c2f5718b0bcce1f92391be0b6c71,TDI_2023_BRASIL_REGIOES_UFS/TDI_BRASIL_REGIOES_UFS_2023.xlsx,extraido,bruto/indicadores/TDI/2023/TDI_BRASIL_REGIOES_UFS_2023.xlsx,86635,eac6783effadd49cc88f3d66bb24d099,True,
TDI,2023,escolas,TDI_2023_ESCOLAS.zip,4107d5a5b6c3ce1af63d0ce4ec1bf4187889f49b782c4a78b599579698c72ac0,TDI_2023_ESCOLAS/MD5_TDI_ESCOLAS_2023.txt,extraido,bruto/indicadores/TDI/2023/MD5_TDI_ESCOLAS_2023.txt,111,,,
TDI,2023,escolas,TDI_2023_ESCOLAS.zip,4107d5a5b6c3ce1af63d0ce4ec1bf4187889f49b782c4a78b599579698c72ac0,TDI_2023_ESCOLAS/TDI_ESCOLAS_2023.ods,ignorado_ods,,17340086,57c6c47e9e6424855766b64f499a1e70,,
TDI,2023,escolas,TDI_2023_ESCOLAS.zip,4107d5a5b6c3ce1af63d0ce4ec1bf4187889f49b782c4a78b599579698c72ac0,TDI_2023_ESCOLAS/TDI_ESCOLAS_2023.xlsx,extraido,bruto/indicadores/TDI/2023/TDI_ESCOLAS_2023.xlsx,18801316,8b587f43079bdcf63fb920369c0b18ee,True,
TDI,2023,municipios,TDI_2023_MUNICIPIOS.zip,5e32e9d6dabac1a16f10c20e75c696f953c8da4a26d284930c254bc729f4aa73,TDI_2023_MUNICIPIOS/MD5_TDI_MUNICIPIOS_2023.txt,extraido,bruto/indicadores/TDI/2023/MD5_TDI_MUNICIPIOS_2023.txt,119,,,
TDI,2023,municipios,TDI_2023_MUNICIPIOS.zip,5e32e9d6dabac1a16f10c20e75c696f953c8da4a26d284930c254bc729f4aa73,TDI_2023_MUNICIPIOS/TDI_MUNICIPIOS_2023.ods,ignorado_ods,,6739072,7a8c96df89f3c6d3990a2031c2c440d1,,
TDI,2023,municipios,TDI_2023_MUNICIPIOS.zip,5e32e9d6dabac1a16f10c20e75c696f953c8da4a26d284930c254bc729f4aa73,TDI_2023_MUNICIPIOS/TDI_MUNICIPIOS_2023.xlsx,extraido,bruto/indicadores/TDI/2023/TDI_MUNICIPIOS_2023.xlsx,8071174,481c71c3441b8f99311d1568716709d6,True,
TDI,2024,brasil_regioes_ufs,TDI_2024_BRASIL_REGIOES_UFS.zip,11184370cf2910bfa7797be9ce95100e29c8cf8e2e8c976a07750c43682ce731,TDI_2024_BRASIL_REGIOES_UFS/MD5_TDI_BRASIL_REGIOES_UFS_2024.txt,extraido,bruto/indicadores/TDI/2024/MD5_TDI_BRASIL_REGIOES_UFS_2024.txt,135,,,
TDI,2024,brasil_regioes_ufs,TDI_2024_BRASIL_REGIOES_UFS.zip,11184370cf2910bfa7797be9ce95100e29c8cf8e2e8c976a07750c43682ce731,TDI_2024_BRASIL_REGIOES_UFS/TDI_BRASIL_REGIOES_UFS_2024.ods,ignorado_ods,,85437,68fd7b30fbfc8766e4ed79eb6e973ccc,,
TDI,2024,brasil_regioes_ufs,TDI_2024_BRASIL_REGIOES_UFS.zip,11184370cf2910bfa7797be9ce95100e29c8cf8e2e8c976a07750c43682ce731,TDI_2024_BRASIL_REGIOES_UFS/TDI_BRASIL_REGIOES_UFS_2024.xlsx,extraido,bruto/indicadores/TDI/2024/TDI_BRASIL_REGIOES_UFS_2024.xlsx,86312,0e14d1ca812718c17787204d33dbd62d,True,
TDI,2024,escolas,TDI_2024_ESCOLAS.zip,8018c5af4d3ac95fd9bc7a169c63fcd06c64894e075f1f7a44ad8ae61b68b3ac,TDI_2024_ESCOLAS/MD5_TDI_ESCOLAS_2024.txt,extraido,bruto/indicadores/TDI/2024/MD5_TDI_ESCOLAS_2024.txt,113,,,
TDI,2024,escolas,TDI_2024_ESCOLAS.zip,8018c5af4d3ac95fd9bc7a169c63fcd06c64894e075f1f7a44ad8ae61b68b3ac,TDI_2024_ESCOLAS/TDI_ESCOLAS_2024.ods,ignorado_ods,,17192256,399cdc4b5669e1d385c9e4c5d2fc5169,,
TDI,2024,escolas,TDI_2024_ESCOLAS.zip,8018c5af4d3ac95fd9bc7a169c63fcd06c64894e075f1f7a44ad8ae61b68b3ac,TDI_2024_ESCOLAS/TDI_ESCOLAS_2024.xlsx,extraido,bruto/indicadores/TDI/2024/TDI_ESCOLAS_2024.xlsx,18706549,ca71a0d750877216f1a1a04683cb8fd2,True,
TDI,2024,municipios,TDI_2024_MUNICIPIOS.zip,921bf32207949cdc29e40554fdb68b65e914daf019ce5358054deb60401d5bdf,TDI_2024_MUNICIPIOS/MD5_TDI_MUNICIPIOS_2024.txt,extraido,bruto/indicadores/TDI/2024/MD5_TDI_MUNICIPIOS_2024.txt,119,,,
TDI,2024,municipios,TDI_2024_MUNICIPIOS.zip,921bf32207949cdc29e40554fdb68b65e914daf019ce5358054deb60401d5bdf,TDI_2024_MUNICIPIOS/TDI_MUNICIPIOS_2024.ods,ignorado_ods,,6673614,1f3f2c8848eca1e510444b7e052288b2,,
TDI,2024,municipios,TDI_2024_MUNICIPIOS.zip,921bf32207949cdc29e40554fdb68b65e914daf019ce5358054deb60401d5bdf,TDI_2024_MUNICIPIOS/TDI_MUNICIPIOS_2024.xlsx,extraido,bruto/indicadores/TDI/2024/TDI_MUNICIPIOS_2024.xlsx,8037128,748f2416b2c4664ffb45af88cf2f39b8,True,
TDI,2025,brasil_regioes_ufs,TDI_2025_BRASIL_REGIOES_UFS.zip,4c81792fccfaea4ee858b4651d651af2405fc8c18793f625c01a92639a86b0c9,TDI_2025_BRASIL_REGIOES_UFS/MD5_TDI_BRASIL_REGIOES_UFS_2025.txt,extraido,bruto/indicadores/TDI/2025/MD5_TDI_BRASIL_REGIOES_UFS_2025.txt,135,,,
TDI,2025,brasil_regioes_ufs,TDI_2025_BRASIL_REGIOES_UFS.zip,4c81792fccfaea4ee858b4651d651af2405fc8c18793f625c01a92639a86b0c9,TDI_2025_BRASIL_REGIOES_UFS/TDI_BRASIL_REGIOES_UFS_2025.ods,ignorado_ods,,84757,5d3d8282ff78223869dd08e0a737b6de,,
TDI,2025,brasil_regioes_ufs,TDI_2025_BRASIL_REGIOES_UFS.zip,4c81792fccfaea4ee858b4651d651af2405fc8c18793f625c01a92639a86b0c9,TDI_2025_BRASIL_REGIOES_UFS/TDI_BRASIL_REGIOES_UFS_2025.xlsx,extraido,bruto/indicadores/TDI/2025/TDI_BRASIL_REGIOES_UFS_2025.xlsx,86365,99810f73ad644d6619b5866ddb73cc80,True,
TDI,2025,escolas,TDI_2025_ESCOLAS.zip,352b1ce726bb33f56a0141e91e547919ef786b391c30708a21060f8a4af9a858,TDI_2025_ESCOLAS/MD5_TDI_ESCOLAS_2025.txt,extraido,bruto/indicadores/TDI/2025/MD5_TDI_ESCOLAS_2025.txt,113,,,
TDI,2025,escolas,TDI_2025_ESCOLAS.zip,352b1ce726bb33f56a0141e91e547919ef786b391c30708a21060f8a4af9a858,TDI_2025_ESCOLAS/TDI_ESCOLAS_2025.ods,ignorado_ods,,16909760,6b939c1689c5ec82cf00c9931168122c,,
TDI,2025,escolas,TDI_2025_ESCOLAS.zip,352b1ce726bb33f56a0141e91e547919ef786b391c30708a21060f8a4af9a858,TDI_2025_ESCOLAS/TDI_ESCOLAS_2025.xlsx,extraido,bruto/indicadores/TDI/2025/TDI_ESCOLAS_2025.xlsx,18462946,343983deab94a0aa4f1a9ea4fef6dd76,True,
TDI,2025,municipios,TDI_2025_MUNICIPIOS.zip,91f8f4c9f3609c7c3c9d4af9318371d6ab9c91c13e8dadeaef3e56e7a5c38a9b,TDI_2025_MUNICIPIOS/MD5_TDI_MUNICIPIOS_2025.txt,extraido,bruto/indicadores/TDI/2025/MD5_TDI_MUNICIPIOS_2025.txt,119,,,
TDI,2025,municipios,TDI_2025_MUNICIPIOS.zip,91f8f4c9f3609c7c3c9d4af9318371d6ab9c91c13e8dadeaef3e56e7a5c38a9b,TDI_2025_MUNICIPIOS/TDI_MUNICIPIOS_2025.ods,ignorado_ods,,6629901,bb7bd742e8ab85c6377c98e79c997e81,,
TDI,2025,municipios,TDI_2025_MUNICIPIOS.zip,91f8f4c9f3609c7c3c9d4af9318371d6ab9c91c13e8dadeaef3e56e7a5c38a9b,TDI_2025_MUNICIPIOS/TDI_MUNICIPIOS_2025.xlsx,extraido,bruto/indicadores/TDI/2025/TDI_MUNICIPIOS_2025.xlsx,7997404,1845302b4368913b66103cc8abfd27ca,True,
tx_rend,2019,brasil_regioes_ufs,tx_rend_brasil_regioes_ufs_2019.zip,24a0b2471a0bcc249097be6f15a46edb9a3d9996dd5824747f02c0a0733529ce,tx_rend_brasil_regioes_ufs_2019/md5_tx_rend_brasil_regioes_ufs_2019.txt.txt,extraido,bruto/indicadores/tx_rend/2019/md5_tx_rend_brasil_regioes_ufs_2019.txt.txt,145,,,
tx_rend,2019,brasil_regioes_ufs,tx_rend_brasil_regioes_ufs_2019.zip,24a0b2471a0bcc249097be6f15a46edb9a3d9996dd5824747f02c0a0733529ce,tx_rend_brasil_regioes_ufs_2019/tx_rend_brasil_regioes_ufs_2019.ods,ignorado_ods,,165767,4ef4f78b483fbf3da3a2f4a05aa9a20c,,
tx_rend,2019,brasil_regioes_ufs,tx_rend_brasil_regioes_ufs_2019.zip,24a0b2471a0bcc249097be6f15a46edb9a3d9996dd5824747f02c0a0733529ce,tx_rend_brasil_regioes_ufs_2019/tx_rend_brasil_regioes_ufs_2019.xlsx,extraido,bruto/indicadores/tx_rend/2019/tx_rend_brasil_regioes_ufs_2019.xlsx,204958,05a3aa7fd4503561580e5f62fa133b18,True,
tx_rend,2019,escolas,tx_rend_escolas_2019.zip,05a86863f0c4905c445641d666ca4743de8d845deeaf120940d997327f6662ce,tx_rend_escolas_2019/md5_tx_rend_escolas_2019.txt.txt,extraido,bruto/indicadores/tx_rend/2019/md5_tx_rend_escolas_2019.txt.txt,121,,,
tx_rend,2019,escolas,tx_rend_escolas_2019.zip,05a86863f0c4905c445641d666ca4743de8d845deeaf120940d997327f6662ce,tx_rend_escolas_2019/tx_rend_escolas_2019.ods,ignorado_ods,,20188720,ccec332484a003bba8e80e3d476748a8,,
tx_rend,2019,escolas,tx_rend_escolas_2019.zip,05a86863f0c4905c445641d666ca4743de8d845deeaf120940d997327f6662ce,tx_rend_escolas_2019/tx_rend_escolas_2019.xlsx,extraido,bruto/indicadores/tx_rend/2019/tx_rend_escolas_2019.xlsx,42114710,a89f5ecf41b4293a389cbfe1a5474d2c,True,
tx_rend,2019,municipios,tx_rend_municipios_2019.zip,6a163d80fcec98a9f2244368c268be00042273edd75b9f91d7360e8d91aa5d4d,tx_rend_municipios_2019/md5_tx_rend_municipios_2019.txt.txt,extraido,bruto/indicadores/tx_rend/2019/md5_tx_rend_municipios_2019.txt.txt,129,,,
tx_rend,2019,municipios,tx_rend_municipios_2019.zip,6a163d80fcec98a9f2244368c268be00042273edd75b9f91d7360e8d91aa5d4d,tx_rend_municipios_2019/tx_rend_municipios_2019.ods,ignorado_ods,,10139191,99bc9774326fb8712def78b41bc1695f,,
tx_rend,2019,municipios,tx_rend_municipios_2019.zip,6a163d80fcec98a9f2244368c268be00042273edd75b9f91d7360e8d91aa5d4d,tx_rend_municipios_2019/tx_rend_municipios_2019.xlsx,extraido,bruto/indicadores/tx_rend/2019/tx_rend_municipios_2019.xlsx,19715867,ca406696730d8b8d573a177baf0807aa,True,
tx_rend,2020,brasil_regioes_ufs,tx_rend_brasil_regioes_ufs_2020.zip,febf857b53ef9c0cfafa80740fd4238363ab31b69458907ce705d275956ab4c4,tx_rend_brasil_regioes_ufs_2020/md5_tx_rend_brasil_regioes_ufs_2020.txt,extraido,bruto/indicadores/tx_rend/2020/md5_tx_rend_brasil_regioes_ufs_2020.txt,143,,,
tx_rend,2020,brasil_regioes_ufs,tx_rend_brasil_regioes_ufs_2020.zip,febf857b53ef9c0cfafa80740fd4238363ab31b69458907ce705d275956ab4c4,tx_rend_brasil_regioes_ufs_2020/tx_rend_brasil_regioes_ufs_2020.ods,ignorado_ods,,191270,e6315e09e86527c0c76be5c876814719,,
tx_rend,2020,brasil_regioes_ufs,tx_rend_brasil_regioes_ufs_2020.zip,febf857b53ef9c0cfafa80740fd4238363ab31b69458907ce705d275956ab4c4,tx_rend_brasil_regioes_ufs_2020/tx_rend_brasil_regioes_ufs_2020.xlsx,extraido,bruto/indicadores/tx_rend/2020/tx_rend_brasil_regioes_ufs_2020.xlsx,193334,0763cdc227bdcf842dec98a34202a2fb,True,
tx_rend,2020,escolas,tx_rend_escolas_2020.zip,80aeb4d2775201f72af72a330b723b55e65b02cf10841a211b8e6143873beada,tx_rend_escolas_2020/md5_tx_rend_escolas_2020.txt,extraido,bruto/indicadores/tx_rend/2020/md5_tx_rend_escolas_2020.txt,121,,,
tx_rend,2020,escolas,tx_rend_escolas_2020.zip,80aeb4d2775201f72af72a330b723b55e65b02cf10841a211b8e6143873beada,tx_rend_escolas_2020/tx_rend_escolas_2020.ods,ignorado_ods,,29531635,8da1418d0c6623270b222e89e227e2ba,,
tx_rend,2020,escolas,tx_rend_escolas_2020.zip,80aeb4d2775201f72af72a330b723b55e65b02cf10841a211b8e6143873beada,tx_rend_escolas_2020/tx_rend_escolas_2020.xlsx,extraido,bruto/indicadores/tx_rend/2020/tx_rend_escolas_2020.xlsx,38640188,1240b19b125d6c2524345462261e44e2,True,
tx_rend,2020,municipios,tx_rend_municipios_2020.zip,aa8baf9e88ba5fa0f634c5851f8c5f7dc0398020496706a80d73c8bafd77ef0e,tx_rend_municipios_2020/.~lock.tx_rend_municipios_2020.ods#,ignorado_lixo,,103,,,
tx_rend,2020,municipios,tx_rend_municipios_2020.zip,aa8baf9e88ba5fa0f634c5851f8c5f7dc0398020496706a80d73c8bafd77ef0e,tx_rend_municipios_2020/md5_tx_rend_municipios_2020.txt,extraido,bruto/indicadores/tx_rend/2020/md5_tx_rend_municipios_2020.txt,126,,,
tx_rend,2020,municipios,tx_rend_municipios_2020.zip,aa8baf9e88ba5fa0f634c5851f8c5f7dc0398020496706a80d73c8bafd77ef0e,tx_rend_municipios_2020/tx_rend_municipios_2020.ods,ignorado_ods,,14319809,05e83f2bbab469db5b97637a09918611,,
tx_rend,2020,municipios,tx_rend_municipios_2020.zip,aa8baf9e88ba5fa0f634c5851f8c5f7dc0398020496706a80d73c8bafd77ef0e,tx_rend_municipios_2020/tx_rend_municipios_2020.xlsx,extraido,bruto/indicadores/tx_rend/2020/tx_rend_municipios_2020.xlsx,18047201,,,
tx_rend,2021,brasil_regioes_ufs,tx_rend_brasil_regioes_ufs_2021.zip,f2a5cd3cb0ef6f5b29242c9870fd34be7654850aeb5ebdd117bf7c60226595c1,tx_rend_brasil_regioes_ufs_2021/md5_tx_rend_brasil_regioes_ufs_2021.txt,extraido,bruto/indicadores/tx_rend/2021/md5_tx_rend_brasil_regioes_ufs_2021.txt,143,,,
tx_rend,2021,brasil_regioes_ufs,tx_rend_brasil_regioes_ufs_2021.zip,f2a5cd3cb0ef6f5b29242c9870fd34be7654850aeb5ebdd117bf7c60226595c1,tx_rend_brasil_regioes_ufs_2021/tx_rend_brasil_regioes_ufs_2021.ods,ignorado_ods,,203249,efea1c583841ac0648081bd947130302,,
tx_rend,2021,brasil_regioes_ufs,tx_rend_brasil_regioes_ufs_2021.zip,f2a5cd3cb0ef6f5b29242c9870fd34be7654850aeb5ebdd117bf7c60226595c1,tx_rend_brasil_regioes_ufs_2021/tx_rend_brasil_regioes_ufs_2021.xlsx,extraido,bruto/indicadores/tx_rend/2021/tx_rend_brasil_regioes_ufs_2021.xlsx,199493,c2cc51424d3d9682a2fa15b4397afd68,True,
tx_rend,2021,escolas,tx_rend_escolas_2021.zip,8d069b90ca2f61ef172b7d700a6b1fdb79466a66292e9b538a29f134b24b76a9,tx_rend_escolas_2021/md5_tx_rend_escolas_2021.txt,extraido,bruto/indicadores/tx_rend/2021/md5_tx_rend_escolas_2021.txt,121,,,
tx_rend,2021,escolas,tx_rend_escolas_2021.zip,8d069b90ca2f61ef172b7d700a6b1fdb79466a66292e9b538a29f134b24b76a9,tx_rend_escolas_2021/tx_rend_escolas_2021.ods,ignorado_ods,,31342075,925f4d5c0cb0df8feeec2c89ee80c16a,,
tx_rend,2021,escolas,tx_rend_escolas_2021.zip,8d069b90ca2f61ef172b7d700a6b1fdb79466a66292e9b538a29f134b24b76a9,tx_rend_escolas_2021/tx_rend_escolas_2021.xlsx,extraido,bruto/indicadores/tx_rend/2021/tx_rend_escolas_2021.xlsx,39591602,b669645dc51241995d7350903f3859bd,True,
tx_rend,2021,municipios,tx_rend_municipios_2021.zip,db50a747b744ed83bcbea9e4f6a3ebe18944aa63951b6a828d6c73fde8e946e8,tx_rend_municipios_2021/md5_tx_rend_municipios_2021.txt,extraido,bruto/indicadores/tx_rend/2021/md5_tx_rend_municipios_2021.txt,127,,,
tx_rend,2021,municipios,tx_rend_municipios_2021.zip,db50a747b744ed83bcbea9e4f6a3ebe18944aa63951b6a828d6c73fde8e946e8,tx_rend_municipios_2021/tx_rend_municipios_2021.ods,ignorado_ods,,15619390,ded4cae449b72fbe9f1417ee31f9825e,,
tx_rend,2021,municipios,tx_rend_municipios_2021.zip,db50a747b744ed83bcbea9e4f6a3ebe18944aa63951b6a828d6c73fde8e946e8,tx_rend_municipios_2021/tx_rend_municipios_2021.xlsx,extraido,bruto/indicadores/tx_rend/2021/tx_rend_municipios_2021.xlsx,18739814,191f68a8afabe6f9a6a8995aaacb223a,True,
tx_rend,2022,brasil_regioes_ufs,tx_rend_brasil_regioes_ufs_2022.zip,1ff22afb3ed6e3d2112c3326fad71576a246f23d352db8d9c4d0a87c058fd974,tx_rend_brasil_regioes_ufs_2022/md5_tx_rend_brasil_regioes_ufs_2022.txt,extraido,bruto/indicadores/tx_rend/2022/md5_tx_rend_brasil_regioes_ufs_2022.txt,143,,,
tx_rend,2022,brasil_regioes_ufs,tx_rend_brasil_regioes_ufs_2022.zip,1ff22afb3ed6e3d2112c3326fad71576a246f23d352db8d9c4d0a87c058fd974,tx_rend_brasil_regioes_ufs_2022/tx_rend_brasil_regioes_ufs_2022.ods,ignorado_ods,,209521,dbf43a839b7d6f3edf761afb616902de,,
tx_rend,2022,brasil_regioes_ufs,tx_rend_brasil_regioes_ufs_2022.zip,1ff22afb3ed6e3d2112c3326fad71576a246f23d352db8d9c4d0a87c058fd974,tx_rend_brasil_regioes_ufs_2022/tx_rend_brasil_regioes_ufs_2022.xlsx,extraido,bruto/indicadores/tx_rend/2022/tx_rend_brasil_regioes_ufs_2022.xlsx,200242,0e1822d5a2aff92f9d9c2213dc8e6605,True,
tx_rend,2022,escolas,tx_rend_escolas_2022.zip,57c43800bc633dbce07ac652d4f1606de2807390890cc27e26d52c1052ee6951,tx_rend_escolas_2022/md5_tx_rend_escolas_2022.txt,extraido,bruto/indicadores/tx_rend/2022/md5_tx_rend_escolas_2022.txt,121,,,
tx_rend,2022,escolas,tx_rend_escolas_2022.zip,57c43800bc633dbce07ac652d4f1606de2807390890cc27e26d52c1052ee6951,tx_rend_escolas_2022/tx_rend_escolas_2022.ods,ignorado_ods,,33522848,f7bf407f6a5ea5b17c3225e88cda5247,,
tx_rend,2022,escolas,tx_rend_escolas_2022.zip,57c43800bc633dbce07ac652d4f1606de2807390890cc27e26d52c1052ee6951,tx_rend_escolas_2022/tx_rend_escolas_2022.xlsx,extraido,bruto/indicadores/tx_rend/2022/tx_rend_escolas_2022.xlsx,40042503,78975e095b0f156a5ff86f3257c67d98,True,
tx_rend,2022,municipios,tx_rend_municipios_2022.zip,87d8b33c1a7b9582a758283eb855c84ca080d3c1ef1d5cd781e59ed304de6659,tx_rend_municipios_2022/md5_tx_rend_municipios_2022.txt,extraido,bruto/indicadores/tx_rend/2022/md5_tx_rend_municipios_2022.txt,127,,,
tx_rend,2022,municipios,tx_rend_municipios_2022.zip,87d8b33c1a7b9582a758283eb855c84ca080d3c1ef1d5cd781e59ed304de6659,tx_rend_municipios_2022/tx_rend_municipios_2022.ods,ignorado_ods,,16773197,aa8354118383e0489b36efcf7724bae6,,
tx_rend,2022,municipios,tx_rend_municipios_2022.zip,87d8b33c1a7b9582a758283eb855c84ca080d3c1ef1d5cd781e59ed304de6659,tx_rend_municipios_2022/tx_rend_municipios_2022.xlsx,extraido,bruto/indicadores/tx_rend/2022/tx_rend_municipios_2022.xlsx,19095055,1a83dcb93581e30402c371c75f58e595,True,
tx_rend,2023,brasil_regioes_ufs,tx_rend_brasil_regioes_ufs_2023.zip,544353afb2bde2a00b9ef3538f7e74259fbe68ac6fd74dae418e08f8d70fb16d,tx_rend_brasil_regioes_ufs_2023/md5_tx_rend_brasil_regioes_ufs_2023.txt,extraido,bruto/indicadores/tx_rend/2023/md5_tx_rend_brasil_regioes_ufs_2023.txt,143,,,
tx_rend,2023,brasil_regioes_ufs,tx_rend_brasil_regioes_ufs_2023.zip,544353afb2bde2a00b9ef3538f7e74259fbe68ac6fd74dae418e08f8d70fb16d,tx_rend_brasil_regioes_ufs_2023/tx_rend_brasil_regioes_ufs_2023.ods,ignorado_ods,,194781,e3d81d5b9c32b086755f2c11efae073c,,
tx_rend,2023,brasil_regioes_ufs,tx_rend_brasil_regioes_ufs_2023.zip,544353afb2bde2a00b9ef3538f7e74259fbe68ac6fd74dae418e08f8d70fb16d,tx_rend_brasil_regioes_ufs_2023/tx_rend_brasil_regioes_ufs_2023.xlsx,extraido,bruto/indicadores/tx_rend/2023/tx_rend_brasil_regioes_ufs_2023.xlsx,197878,0a4d35a8a04f6f33e50fb6c34caf81a8,True,
tx_rend,2023,escolas,tx_rend_escolas_2023.zip,a9d50be87440cba6f78b9595b01d6e4b60b7b8eac7b27b8051566c40f2038fb9,tx_rend_escolas_2023/tx_rend_escolas_2023.ods,ignorado_ods,,32497962,f14d1079b8f98362dccf40e7cfae73af,,
tx_rend,2023,escolas,tx_rend_escolas_2023.zip,a9d50be87440cba6f78b9595b01d6e4b60b7b8eac7b27b8051566c40f2038fb9,tx_rend_escolas_2023/tx_rend_escolas_2023.txt,extraido,bruto/indicadores/tx_rend/2023/tx_rend_escolas_2023.txt,121,,,
tx_rend,2023,escolas,tx_rend_escolas_2023.zip,a9d50be87440cba6f78b9595b01d6e4b60b7b8eac7b27b8051566c40f2038fb9,tx_rend_escolas_2023/tx_rend_escolas_2023.xlsx,extraido,bruto/indicadores/tx_rend/2023/tx_rend_escolas_2023.xlsx,39021747,13bd47509105fc6c6dbabcfc378bf882,True,
tx_rend,2023,municipios,tx_rend_municipios_2023.zip,574de50d82cdd12af7674e2f7e1089ce98d0571b7f0bb36e1d102f985e577b6a,tx_rend_municipios_2023/md5_tx_rend_municipios_2023.txt,extraido,bruto/indicadores/tx_rend/2023/md5_tx_rend_municipios_2023.txt,127,,,
tx_rend,2023,municipios,tx_rend_municipios_2023.zip,574de50d82cdd12af7674e2f7e1089ce98d0571b7f0bb36e1d102f985e577b6a,tx_rend_municipios_2023/tx_rend_municipios_2023.ods,ignorado_ods,,16133595,0cd07b584ca04bf50222cc19e1cd238e,,
tx_rend,2023,municipios,tx_rend_municipios_2023.zip,574de50d82cdd12af7674e2f7e1089ce98d0571b7f0bb36e1d102f985e577b6a,tx_rend_municipios_2023/tx_rend_municipios_2023.xlsx,extraido,bruto/indicadores/tx_rend/2023/tx_rend_municipios_2023.xlsx,18744825,1e7cf01fcaec71d6933f1c2f0f294b40,True,
tx_rend,2024,brasil_regioes_ufs,tx_rend_brasil_regioes_ufs_2024.zip,669ee147173154ab5d285e5a68ae1b4b16bd37fd586bf4783cca4708ac6f1075,tx_rend_brasil_regioes_ufs_2024/md5_tx_rend_brasil_regioes_ufs_2024.txt,extraido,bruto/indicadores/tx_rend/2024/md5_tx_rend_brasil_regioes_ufs_2024.txt,141,,,
tx_rend,2024,brasil_regioes_ufs,tx_rend_brasil_regioes_ufs_2024.zip,669ee147173154ab5d285e5a68ae1b4b16bd37fd586bf4783cca4708ac6f1075,tx_rend_brasil_regioes_ufs_2024/tx_rend_brasil_regioes_ufs_2024.ods,ignorado_ods,,193894,c7ec510b834c30e281d3745138feb0dd,,
tx_rend,2024,brasil_regioes_ufs,tx_rend_brasil_regioes_ufs_2024.zip,669ee147173154ab5d285e5a68ae1b4b16bd37fd586bf4783cca4708ac6f1075,tx_rend_brasil_regioes_ufs_2024/tx_rend_brasil_regioes_ufs_2024.xlsx,extraido,bruto/indicadores/tx_rend/2024/tx_rend_brasil_regioes_ufs_2024.xlsx,197067,cc54b4be7fbd8888643955f7fa50aba3,True,
tx_rend,2024,escolas,tx_rend_escolas_2024.zip,f6697abec0930917b47f80439c996020fd019a2b8096507831d3de10d312d5d7,tx_rend_escolas_2024/md5_tx_rend_escolas_2024.txt,extraido,bruto/indicadores/tx_rend/2024/md5_tx_rend_escolas_2024.txt,119,,,
tx_rend,2024,escolas,tx_rend_escolas_2024.zip,f6697abec0930917b47f80439c996020fd019a2b8096507831d3de10d312d5d7,tx_rend_escolas_2024/tx_rend_escolas_2024.ods,ignorado_ods,,32289686,0127155b75f8da3bfdecabb508b4a2d5,,
tx_rend,2024,escolas,tx_rend_escolas_2024.zip,f6697abec0930917b47f80439c996020fd019a2b8096507831d3de10d312d5d7,tx_rend_escolas_2024/tx_rend_escolas_2024.xlsx,extraido,bruto/indicadores/tx_rend/2024/tx_rend_escolas_2024.xlsx,38878292,c03736398d4826f844cea8593d9b6bfb,True,
tx_rend,2024,municipios,tx_rend_municipios_2024.zip,57efe4b7e0387bdf2d80c72bb75dfef9f14a35a30daceba8d05fcf75faede976,tx_rend_municipios_2024/md5_tx_rend_municipios_2024.txt,extraido,bruto/indicadores/tx_rend/2024/md5_tx_rend_municipios_2024.txt,125,,,
tx_rend,2024,municipios,tx_rend_municipios_2024.zip,57efe4b7e0387bdf2d80c72bb75dfef9f14a35a30daceba8d05fcf75faede976,tx_rend_municipios_2024/tx_rend_municipios_2024.ods,ignorado_ods,,16107461,02b04e28d35e7be5c4d6feaf63cde4c9,,
tx_rend,2024,municipios,tx_rend_municipios_2024.zip,57efe4b7e0387bdf2d80c72bb75dfef9f14a35a30daceba8d05fcf75faede976,tx_rend_municipios_2024/tx_rend_municipios_2024.xlsx,extraido,bruto/indicadores/tx_rend/2024/tx_rend_municipios_2024.xlsx,18729357,ef5fb5ab0fcbce056e718aa1f94676bf,True,
tx_rend,2025,escolas,tx_rend_escolas_2025.zip,483335234fed7d3f1880d00eefb1f0e1d23ffc3807c1c7f6caf9795db63e0b92,tx_rend_escolas_2025/md5_tx_rend_escolas_2025.txt,extraido,bruto/indicadores/tx_rend/2025/md5_tx_rend_escolas_2025.txt,119,,,
tx_rend,2025,escolas,tx_rend_escolas_2025.zip,483335234fed7d3f1880d00eefb1f0e1d23ffc3807c1c7f6caf9795db63e0b92,tx_rend_escolas_2025/tx_rend_escolas_2025.ods,ignorado_ods,,30841723,afcdd69f045b607fb11051a017d4c801,,
tx_rend,2025,escolas,tx_rend_escolas_2025.zip,483335234fed7d3f1880d00eefb1f0e1d23ffc3807c1c7f6caf9795db63e0b92,tx_rend_escolas_2025/tx_rend_escolas_2025.xlsx,extraido,bruto/indicadores/tx_rend/2025/tx_rend_escolas_2025.xlsx,37737796,39664e3669ca750511037d5d546c88fe,True,
tx_rend,2025,municipios,tx_rend_municipios_2025.zip,69d238494d4dec7aa537403354e5730ccb1191ccc76705b0e77deb892eff63b2,tx_rend_municipios_2025/md5_tx_rend_municipios_2025.txt,extraido,bruto/indicadores/tx_rend/2025/md5_tx_rend_municipios_2025.txt,125,,,
tx_rend,2025,municipios,tx_rend_municipios_2025.zip,69d238494d4dec7aa537403354e5730ccb1191ccc76705b0e77deb892eff63b2,tx_rend_municipios_2025/tx_rend_municipios_2025.ods,ignorado_ods,,15125571,8561d5db2968d3d351ebc056f429816e,,
tx_rend,2025,municipios,tx_rend_municipios_2025.zip,69d238494d4dec7aa537403354e5730ccb1191ccc76705b0e77deb892eff63b2,tx_rend_municipios_2025/tx_rend_municipios_2025.xlsx,extraido,bruto/indicadores/tx_rend/2025/tx_rend_municipios_2025.xlsx,18173866,8690944ae2912ce6b75ccdeb0e06fe2c,True,
