tipo,ano,nivel,arquivo,planilha,n_abas,linha_cabecalho_humano,linha_cabecalho,n_colunas,n_celulas_dados,n_linhas_dados,n_linhas_rr,n_linhas_rodape,n_entidades_distintas,anos_na_coluna_ano,primeira_coluna
ATU,2019,brasil_regioes_ufs,ATU_BRASIL_REGIOES_UFS_2019.xlsx,BRASIL_REGIOES_UFS,1,6,9,26,26,587,18,2,,2019,NU_ANO_CENSO
ATU,2019,escolas,ATU_ESCOLAS_2019.xlsx,ESCOLA,1,6,9,31,31,176386,843,2,176386,2019,NU_ANO_CENSO
ATU,2019,municipios,ATU_MUNICIPIOS_2019.xlsx,MUNICIPIO,1,6,9,29,29,66681,195,2,,2019,NU_ANO_CENSO
ATU,2020,brasil_regioes_ufs,ATU_BRASIL_REGIOES_UFS_2020.xlsx,BRASIL_REGIOES_UFS,1,6,9,26,26,587,18,2,,2020,NU_ANO_CENSO
ATU,2020,escolas,ATU_ESCOLAS_2020.xlsx,ESCOLA,1,6,9,31,31,175338,841,2,175338,2020,NU_ANO_CENSO
ATU,2020,municipios,ATU_MUNICIPIOS_2020.xlsx,MUNICIPIO,1,6,9,29,29,66634,195,2,,2020,NU_ANO_CENSO
ATU,2021,brasil_regioes_ufs,ATU_BRASIL_REGIOES_UFS_2021.xlsx,BRASIL_REGIOES_UFS,1,6,9,26,26,587,18,2,,2021,NU_ANO_CENSO
ATU,2021,escolas,ATU_ESCOLAS_2021.xlsx,ESCOLA,1,6,9,31,31,174179,835,2,174179,2021,NU_ANO_CENSO
ATU,2021,municipios,ATU_MUNICIPIOS_2021.xlsx,MUNICIPIO,1,6,9,29,29,66464,193,2,,2021,NU_ANO_CENSO
ATU,2022,brasil_regioes_ufs,ATU_BRASIL_REGIOES_UFS_2022.xlsx,BRASIL_REGIOES_UFS,1,6,9,26,26,587,18,2,,2022,NU_ANO_CENSO
ATU,2022,escolas,ATU_ESCOLAS_2022.xlsx,ESCOLA,1,6,9,31,31,174319,864,2,174319,2022,NU_ANO_CENSO
ATU,2022,municipios,ATU_MUNICIPIOS_2022.xlsx,MUNICIPIO,1,6,9,29,29,66515,193,2,,2022,NU_ANO_CENSO
ATU,2023,brasil_regioes_ufs,ATU_BRASIL_REGIOES_UFS_2023.xlsx,BRASIL_REGIOES_UFS,1,6,9,26,26,588,18,2,,2023,NU_ANO_CENSO
ATU,2023,escolas,ATU_ESCOLAS_2023.xlsx,ESCOLA,1,6,9,31,31,172146,880,2,172146,2023,NU_ANO_CENSO
ATU,2023,municipios,ATU_MUNICIPIOS_2023.xlsx,MUNICIPIO,1,6,9,29,29,66336,193,2,,2023,NU_ANO_CENSO
ATU,2024,brasil_regioes_ufs,ATU_BRASIL_REGIOES_UFS_2024.xlsx,BRASIL_REGIOES_UFS,1,6,9,26,26,588,18,2,,2024,NU_ANO_CENSO
ATU,2024,escolas,ATU_ESCOLAS_2024.xlsx,ESCOLA,1,6,9,31,31,172871,897,2,172871,2024,NU_ANO_CENSO
ATU,2024,municipios,ATU_MUNICIPIOS_2024.xlsx,MUNICIPIO,1,6,9,29,29,66269,193,2,,2024,NU_ANO_CENSO
ATU,2025,brasil_regioes_ufs,ATU_BRASIL_REGIOES_UFS_2025.xlsx,BRASIL_REGIOES_UFS,1,6,9,26,26,588,18,2,,2025,NU_ANO_CENSO
ATU,2025,escolas,ATU_ESCOLAS_2025.xlsx,ESCOLA,1,6,9,31,31,172100,893,2,172100,2025,NU_ANO_CENSO
HAD,2019,brasil_regioes_ufs,HAD_BRASIL_REGIOES_UFS_2019.xlsx,BRASIL_REGIOES_UFS,1,6,9,25,25,587,18,2,,2019,NU_ANO_CENSO
HAD,2019,escolas,HAD_ESCOLAS_2019.xlsx,ESCOLA,1,6,9,30,24,152509,614,2,152509,2019,NU_ANO_CENSO
HAD,2019,municipios,HAD_MUNICIPIOS_2019.xlsx,MUNICIPIO,1,6,9,28,26,65687,195,2,,2019,NU_ANO_CENSO
HAD,2020,brasil_regioes_ufs,HAD_BRASIL_REGIOES_UFS_2020.xlsx,BRASIL_REGIOES_UFS,1,6,9,25,25,587,18,2,,2020,NU_ANO_CENSO
HAD,2020,escolas,HAD_ESCOLAS_2020.xlsx,ESCOLA,1,6,9,30,30,151922,617,2,151922,2020,NU_ANO_CENSO
HAD,2020,municipios,HAD_MUNICIPIOS_2020.xlsx,MUNICIPIO,1,6,9,28,28,65631,195,2,,2020,NU_ANO_CENSO
HAD,2021,brasil_regioes_ufs,HAD_BRASIL_REGIOES_UFS_2021.xlsx,BRASIL_REGIOES_UFS,1,6,9,25,25,587,18,2,,2021,NU_ANO_CENSO
HAD,2021,escolas,HAD_ESCOLAS_2021.xlsx,ESCOLA,1,6,9,30,30,151777,596,2,151777,2021,NU_ANO_CENSO
HAD,2021,municipios,HAD_MUNICIPIOS_2021.xlsx,MUNICIPIO,1,6,9,28,28,65548,193,2,,2021,NU_ANO_CENSO
HAD,2022,brasil_regioes_ufs,HAD_BRASIL_REGIOES_UFS_2022.xlsx,BRASIL_REGIOES_UFS,1,6,9,25,25,587,18,2,,2022,NU_ANO_CENSO
HAD,2022,escolas,HAD_ESCOLAS_2022.xlsx,ESCOLA,1,6,9,30,20,173795,864,2,173795,2022,NU_ANO_CENSO
HAD,2022,municipios,HAD_MUNICIPIOS_2022.xlsx,MUNICIPIO,1,6,9,28,26,66509,193,2,,2022,NU_ANO_CENSO
HAD,2023,brasil_regioes_ufs,HAD_BRASIL_REGIOES_UFS_2023.xlsx,BRASIL_REGIOES_UFS,1,6,9,25,25,588,18,2,,2023,NU_ANO_CENSO
HAD,2023,escolas,HAD_ESCOLAS_2023.xlsx,ESCOLA,1,6,9,30,30,172137,880,2,172137,2023,NU_ANO_CENSO
HAD,2023,municipios,HAD_MUNICIPIOS_2023.xlsx,MUNICIPIO,1,6,9,28,28,66336,193,2,,2023,NU_ANO_CENSO
HAD,2024,brasil_regioes_ufs,HAD_BRASIL_REGIOES_UFS_2024.xlsx,BRASIL_REGIOES_UFS,1,6,9,25,25,588,18,2,,2024,NU_ANO_CENSO
HAD,2024,escolas,HAD_ESCOLAS_2024.xlsx,ESCOLA,1,6,9,30,20,172862,897,2,172862,2024,NU_ANO_CENSO
HAD,2024,municipios,HAD_MUNICIPIOS_2024.xlsx,MUNICIPIO,1,6,9,28,26,66269,193,2,,2024,NU_ANO_CENSO
HAD,2025,brasil_regioes_ufs,HAD_BRASIL_REGIOES_UFS_2025.xlsx,BRASIL_REGIOES_UFS,1,6,9,25,25,588,18,2,,2025,NU_ANO_CENSO
HAD,2025,escolas,HAD_ESCOLAS_2025.xlsx,ESCOLA,1,6,9,30,20,172081,893,2,172081,2025,NU_ANO_CENSO
HAD,2025,municipios,HAD_MUNICIPIOS_2025.xlsx,MUNICIPIO,1,6,9,28,26,66296,193,2,,2025,NU_ANO_CENSO
IED,2019,brasil_regioes_ufs,IED_BRASIL_REGIOES_UFS_2019.xlsx,BRASIL_REGIOES_UFS,1,7,11,28,28,586,18,4,,2019,NU_ANO_CENSO
IED,2019,escolas,IED_ESCOLAS_2019.xlsx,ESCOLAS,1,7,11,33,27,134152,667,4,134152,2019,NU_ANO_CENSO
IED,2019,municipios,IED_MUNICIPIOS_2019.xlsx,MUNICÍPIOS,1,7,11,31,31,66411,192,4,,2019,NU_ANO_CENSO
IED,2020,brasil_regioes_ufs,IED_BRASIL_REGIOES_UFS_2020.xlsx,BRASIL_REGIOES_UFS,1,7,11,28,28,586,18,4,,2020,NU_ANO_CENSO
IED,2020,escolas,IED_ESCOLAS_2020.xlsx,ESCOLAS,1,7,11,33,33,132902,662,4,132902,2020,NU_ANO_CENSO
IED,2020,municipios,IED_MUNICIPIOS_2020.xlsx,MUNICÍPIOS,1,7,11,31,31,66385,192,4,,2020,NU_ANO_CENSO
IED,2021,brasil_regioes_ufs,IED_BRASIL_REGIOES_UFS_2021.xlsx,BRASIL_REGIOES_UFS,1,7,11,28,28,586,18,4,,2021,NU_ANO_CENSO
IED,2021,escolas,IED_ESCOLAS_2021.xlsx,ESCOLAS,1,7,11,33,33,131804,651,4,131804,2021,NU_ANO_CENSO
IED,2021,municipios,IED_MUNICIPIOS_2021.xlsx,MUNICÍPIOS,1,7,11,31,31,66286,192,4,,2021,NU_ANO_CENSO
IED,2022,brasil_regioes_ufs,IED_BRASIL_REGIOES_UFS_2022.xlsx,BRASIL_REGIOES_UFS,1,7,11,28,28,586,18,4,,2022,NU_ANO_CENSO
IED,2022,escolas,IED_ESCOLAS_2022.xlsx,ESCOLAS,1,7,11,33,33,130907,682,4,130907,2022,NU_ANO_CENSO
IED,2022,municipios,IED_MUNICIPIOS_2022.xlsx,MUNICÍPIOS,1,7,11,31,31,66266,192,4,,2022,NU_ANO_CENSO
IED,2023,brasil_regioes_ufs,IED_BRASIL_REGIOES_UFS_2023.xlsx,BRASIL_REGIOES_UFS,1,7,11,28,28,587,18,4,,2023,NU_ANO_CENSO
IED,2023,escolas,IED_ESCOLAS_2023.xlsx,ESCOLAS,1,7,11,33,33,130139,690,4,130139,2023,NU_ANO_CENSO
IED,2023,municipios,IED_MUNICIPIOS_2023.xlsx,MUNICÍPIOS,1,7,11,31,31,66313,193,4,,2023,NU_ANO_CENSO
IED,2024,brasil_regioes_ufs,IED_BRASIL_REGIOES_UFS_2024.xlsx,BRASIL_REGIOES_UFS,1,7,11,28,28,587,18,4,,2024,NU_ANO_CENSO
IED,2024,escolas,IED_ESCOLAS_2024.xlsx,ESCOLAS,1,7,11,33,33,129900,697,4,129900,2024,NU_ANO_CENSO
IED,2024,municipios,IED_MUNICIPIOS_2024.xlsx,MUNICÍPIOS,1,7,11,31,31,66277,193,4,,2024,NU_ANO_CENSO
IED,2025,brasil_regioes_ufs,IED_BRASIL_REGIOES_UFS_2025.xlsx,BRASIL_REGIOES_UFS,1,7,11,28,28,587,18,4,,2025,NU_ANO_CENSO
IED,2025,escolas,IED_ESCOLAS_2025.xlsx,ESCOLAS,1,7,11,33,33,128508,689,4,128508,2025,NU_ANO_CENSO
IED,2025,municipios,IED_MUNICIPIOS_2025.xlsx,MUNICÍPIOS,1,7,11,31,31,66329,193,4,,2025,NU_ANO_CENSO
TDI,2019,brasil_regioes_ufs,TDI_BRASIL_REGIOES_UFS_2019.xlsx,BRASIL_REGIÕES_UFS,1,6,9,21,21,586,18,1,,2019,NU_ANO_CENSO
TDI,2019,escolas,TDI_ESCOLAS_2019.xlsx,ESCOLAS,1,6,9,26,26,132428,666,1,132428,2019,NU_ANO_CENSO
TDI,2019,municipios,TDI_MUNICIPIOS_2019.xlsx,MUNICIPIO,1,6,9,24,24,65648,190,1,,2019,NU_ANO_CENSO
TDI,2020,brasil_regioes_ufs,TDI_BRASIL_REGIOES_UFS_2020.xlsx,BRASIL_REGIÕES_UFS,1,6,9,21,21,586,18,1,,2020,NU_ANO_CENSO
TDI,2020,escolas,TDI_ESCOLAS_2020.xlsx,ESCOLAS,1,6,9,26,26,131199,661,1,131199,2020,NU_ANO_CENSO
TDI,2020,municipios,TDI_MUNICIPIOS_2020.xlsx,MUNICIPIO,1,6,9,24,24,65628,190,1,,2020,NU_ANO_CENSO
TDI,2021,brasil_regioes_ufs,TDI_BRASIL_REGIOES_UFS_2021.xlsx,BRASIL_REGIÕES_UFS,1,6,9,21,21,586,18,1,,2021,NU_ANO_CENSO
TDI,2021,escolas,TDI_ESCOLAS_2021.xlsx,ESCOLAS,1,6,9,26,26,130112,650,1,130112,2021,NU_ANO_CENSO
TDI,2021,municipios,TDI_MUNICIPIOS_2021.xlsx,MUNICIPIO,1,6,9,24,24,65538,190,1,,2021,NU_ANO_CENSO
TDI,2022,brasil_regioes_ufs,TDI_BRASIL_REGIOES_UFS_2022.xlsx,BRASIL_REGIÕES_UFS,1,6,9,21,21,586,18,1,,2022,NU_ANO_CENSO
TDI,2022,escolas,TDI_ESCOLAS_2022.xlsx,ESCOLAS,1,6,9,26,26,129174,681,1,129174,2022,NU_ANO_CENSO
TDI,2022,municipios,TDI_MUNICIPIOS_2022.xlsx,MUNICIPIO,1,6,9,24,24,65548,192,1,,2022,NU_ANO_CENSO
TDI,2023,brasil_regioes_ufs,TDI_BRASIL_REGIOES_UFS_2023.xlsx,BRASIL_REGIÕES_UFS,1,6,9,21,21,587,18,1,,2023,NU_ANO_CENSO
TDI,2023,escolas,TDI_ESCOLAS_2023.xlsx,ESCOLAS,1,6,9,26,26,128237,689,1,128237,2023,NU_ANO_CENSO
TDI,2023,municipios,TDI_MUNICIPIOS_2023.xlsx,MUNICIPIO,1,6,9,24,24,65572,193,1,,2023,NU_ANO_CENSO
TDI,2024,brasil_regioes_ufs,TDI_BRASIL_REGIOES_UFS_2024.xlsx,BRASIL_REGIÕES_UFS,1,6,9,21,21,587,18,1,,2024,NU_ANO_CENSO
TDI,2024,escolas,TDI_ESCOLAS_2024.xlsx,ESCOLAS,1,6,9,26,26,127929,695,1,127929,2024,NU_ANO_CENSO
TDI,2024,municipios,TDI_MUNICIPIOS_2024.xlsx,MUNICIPIO,1,6,9,24,24,65534,193,1,,2024,NU_ANO_CENSO
TDI,2025,brasil_regioes_ufs,TDI_BRASIL_REGIOES_UFS_2025.xlsx,BRASIL_REGIÕES_UFS,1,6,9,21,21,587,18,1,,2025,NU_ANO_CENSO
TDI,2025,escolas,TDI_ESCOLAS_2025.xlsx,ESCOLAS,1,6,9,26,26,126605,687,1,126605,2025,NU_ANO_CENSO
TDI,2025,municipios,TDI_MUNICIPIOS_2025.xlsx,MUNICIPIO,1,6,9,24,24,65608,193,1,,2025,NU_ANO_CENSO
tx_rend,2019,brasil_regioes_ufs,tx_rend_brasil_regioes_ufs_2019.xlsx,BRASIL_REGIOES_UFS ,1,6,9,58,58,586,0,1,,2019,ano
tx_rend,2019,escolas,tx_rend_escolas_2019.xlsx,ESCOLAS,1,6,9,63,63,132458,667,1,132458,2019,Ano
tx_rend,2019,municipios,tx_rend_municipios_2019.xlsx,MUNICIPIOS ,1,6,0,61,61,65697,0,1,,2019,_SEM_NOME_1
tx_rend,2020,brasil_regioes_ufs,tx_rend_brasil_regioes_ufs_2020.xlsx,BRASIL_REGIOES_UFS ,1,6,9,58,58,586,0,1,,2020,ano
tx_rend,2020,escolas,tx_rend_escolas_2020.xlsx,ESCOLAS,1,6,9,63,63,131229,662,1,131229,2020,Ano
tx_rend,2020,municipios,tx_rend_municipios_2020.xlsx,MUNICIPIOS ,1,6,9,61,61,65661,192,1,,2020,NU_ANO_CENSO
tx_rend,2021,brasil_regioes_ufs,tx_rend_brasil_regioes_ufs_2021.xlsx,BRASIL_REGIOES_UFS ,1,6,9,58,58,586,18,1,,2021,NU_ANO_CENSO
tx_rend,2021,escolas,tx_rend_escolas_2021.xlsx,ESCOLAS,1,6,9,63,63,130129,650,1,130129,2021,NU_ANO_CENSO
tx_rend,2021,municipios,tx_rend_municipios_2021.xlsx,MUNICIPIOS ,1,6,9,61,61,65574,192,1,,2021,NU_ANO_CENSO
tx_rend,2022,brasil_regioes_ufs,tx_rend_brasil_regioes_ufs_2022.xlsx,BRASIL_REGIOES_UFS ,1,6,9,58,58,586,18,1,,2022,NU_ANO_CENSO
tx_rend,2022,escolas,tx_rend_escolas_2022.xlsx,ESCOLAS,1,6,9,63,63,129307,682,1,129307,2022,NU_ANO_CENSO
tx_rend,2022,municipios,tx_rend_municipios_2022.xlsx,MUNICIPIOS ,1,6,9,61,61,65596,192,1,,2022,NU_ANO_CENSO
tx_rend,2023,brasil_regioes_ufs,tx_rend_brasil_regioes_ufs_2023.xlsx,BRASIL_REGIOES_UFS ,1,6,9,58,58,587,18,1,,2023,NU_ANO_CENSO
tx_rend,2023,escolas,tx_rend_escolas_2023.xlsx,ESCOLAS,1,6,9,63,63,128370,689,1,128370,2023,NU_ANO_CENSO
tx_rend,2023,municipios,tx_rend_municipios_2023.xlsx,MUNICIPIOS ,1,6,9,61,61,65628,193,1,,2023,NU_ANO_CENSO
tx_rend,2024,brasil_regioes_ufs,tx_rend_brasil_regioes_ufs_2024.xlsx,BRASIL_REGIOES_UFS ,1,6,9,58,58,587,18,1,,2024,NU_ANO_CENSO
tx_rend,2024,escolas,tx_rend_escolas_2024.xlsx,ESCOLAS,1,6,9,63,63,128096,696,1,128096,2024,NU_ANO_CENSO
tx_rend,2024,municipios,tx_rend_municipios_2024.xlsx,MUNICIPIOS ,1,6,9,61,61,65594,193,1,,2024,NU_ANO_CENSO
tx_rend,2025,escolas,tx_rend_escolas_2025.xlsx,ESCOLAS,1,6,9,63,63,126684,687,1,126684,2025,NU_ANO_CENSO
tx_rend,2025,municipios,tx_rend_municipios_2025.xlsx,MUNICIPIOS ,1,6,9,61,61,65669,193,1,,2025,NU_ANO_CENSO
