coluna,2019,2020,2021,2022,2023,2024,2025_docente,2025,2025_matricula,2025_turma,n_arquivos
NU_ANO_CENSO,1,1,1,1,1,1,1,1,1,1,10
NO_REGIAO,2,2,2,2,2,2,2,2,2,2,10
CO_REGIAO,3,3,3,3,3,3,3,3,3,3,10
NO_UF,4,4,4,4,4,4,4,4,4,4,10
SG_UF,5,5,5,5,5,5,5,5,5,5,10
CO_UF,6,6,6,6,6,6,6,6,6,6,10
NO_MUNICIPIO,7,7,7,7,7,7,7,7,7,7,10
CO_MUNICIPIO,8,8,8,8,8,8,8,8,8,8,10
NO_MESORREGIAO,9,9,9,9,13,13,,,,,6
NO_REGIAO_GEOG_INTERM,,,,,9,9,9,9,9,9,6
CO_MESORREGIAO,10,10,10,10,14,14,,,,,6
CO_REGIAO_GEOG_INTERM,,,,,10,10,10,10,10,10,6
NO_MICRORREGIAO,11,11,11,11,15,15,,,,,6
NO_REGIAO_GEOG_IMED,,,,,11,11,11,11,11,11,6
CO_MICRORREGIAO,12,12,12,12,16,16,,,,,6
CO_REGIAO_GEOG_IMED,,,,,12,12,12,12,12,12,6
CO_DISTRITO,13,13,13,13,17,18,14,14,14,14,10
CO_ENTIDADE,14,14,14,15,19,20,18,18,18,18,10
NO_ENTIDADE,15,15,15,14,18,19,17,17,17,17,10
TP_DEPENDENCIA,16,16,16,16,20,21,20,20,20,20,10
TP_CATEGORIA_ESCOLA_PRIVADA,17,17,17,17,21,22,21,21,21,21,10
NO_DISTRITO,,,,,,17,13,13,13,13,5
TP_LOCALIZACAO,18,18,18,18,22,23,22,22,22,22,10
TP_LOCALIZACAO_DIFERENCIADA,19,19,19,19,23,24,23,23,23,23,10
DS_ENDERECO,20,20,20,20,24,25,,,,,6
NU_ENDERECO,21,21,21,21,25,26,,,,,6
DS_COMPLEMENTO,22,22,22,22,26,27,,,,,6
NO_BAIRRO,23,23,23,23,27,28,,,,,6
CO_CEP,24,24,24,24,28,29,,,,,6
NU_DDD,25,25,25,25,29,30,,,,,6
NU_TELEFONE,26,26,26,26,30,31,,,,,6
TP_SITUACAO_FUNCIONAMENTO,27,27,27,27,31,32,,24,,,7
CO_ORGAO_REGIONAL,28,28,28,28,32,33,,25,,,7
DT_ANO_LETIVO_INICIO,29,29,29,29,33,34,,26,,,7
DT_ANO_LETIVO_TERMINO,30,30,30,30,34,35,,27,,,7
IN_VINCULO_SECRETARIA_EDUCACAO,31,31,31,31,35,36,,28,,,7
IN_VINCULO_SEGURANCA_PUBLICA,32,32,32,32,36,37,,29,,,7
IN_VINCULO_SECRETARIA_SAUDE,33,33,33,33,37,38,,30,,,7
IN_VINCULO_OUTRO_ORGAO,34,34,34,34,38,39,,31,,,7
IN_CONVENIADA_PP,35,35,35,37,,,,,,,4
IN_PODER_PUBLICO_PARCERIA,,,,35,39,40,24,32,24,24,7
TP_CONVENIO_PODER_PUBLICO,36,36,36,38,,,,,,,4
TP_PODER_PUBLICO_PARCERIA,,,,36,40,41,25,33,25,25,7
IN_MANT_ESCOLA_PRIVADA_EMP,37,37,37,48,59,60,,52,,,7
IN_MANT_ESCOLA_PRIVADA_ONG,38,38,38,49,60,61,,53,,,7
IN_MANT_ESCOLA_PRIVADA_OSCIP,39,39,39,50,61,62,,54,,,7
IN_FORMA_CONT_TERMO_COLABORA,,,,39,41,42,,34,,,4
IN_MANT_ESCOLA_PRIV_ONG_OSCIP,40,40,40,51,62,63,,55,,,7
IN_FORMA_CONT_TERMO_FOMENTO,,,,40,42,43,,35,,,4
IN_MANT_ESCOLA_PRIVADA_SIND,41,41,41,52,63,64,,56,,,7
IN_FORMA_CONT_ACORDO_COOP,,,,41,43,44,,36,,,4
IN_MANT_ESCOLA_PRIVADA_SIST_S,42,42,42,53,64,65,,57,,,7
IN_FORMA_CONT_PRESTACAO_SERV,,,,42,44,45,,37,,,4
IN_MANT_ESCOLA_PRIVADA_S_FINS,43,43,43,54,65,66,,58,,,7
IN_FORMA_CONT_COOP_TEC_FIN,,,,43,45,46,,38,,,4
NU_CNPJ_ESCOLA_PRIVADA,44,44,44,55,66,67,,59,,,7
IN_FORMA_CONT_CONSORCIO_PUB,,,,44,46,47,,39,,,4
NU_CNPJ_MANTENEDORA,45,45,45,56,67,68,,60,,,7
IN_TIPO_ATEND_ESCOLARIZACAO,,,,45,,,,,,,1
TP_REGULAMENTACAO,46,46,46,57,68,69,,61,,,7
IN_TIPO_ATEND_AC,,,,46,,,,,,,1
TP_RESPONSAVEL_REGULAMENTACAO,47,47,47,58,69,70,,62,,,7
IN_TIPO_ATEND_AEE,,,,47,,,,,,,1
IN_FORMA_CONT_MU_TERMO_COLAB,,,,,47,48,,40,,,3
CO_ESCOLA_SEDE_VINCULADA,48,48,48,59,70,71,,63,,,7
IN_FORMA_CONT_MU_TERMO_FOMENTO,,,,,48,49,,41,,,3
CO_IES_OFERTANTE,49,49,49,60,71,72,,64,,,7
IN_FORMA_CONT_MU_ACORDO_COOP,,,,,49,50,,42,,,3
IN_LOCAL_FUNC_PREDIO_ESCOLAR,50,50,50,61,72,73,,65,,,7
IN_FORMA_CONT_MU_PREST_SERV,,,,,50,51,,43,,,3
TP_OCUPACAO_PREDIO_ESCOLAR,51,51,51,62,73,74,,66,,,7
IN_FORMA_CONT_MU_COOP_TEC_FIN,,,,,51,52,,44,,,3
IN_LOCAL_FUNC_SALAS_EMPRESA,52,52,52,63,,,,,,,4
IN_FORMA_CONT_MU_CONSORCIO_PUB,,,,,52,53,,45,,,3
IN_LOCAL_FUNC_SOCIOEDUCATIVO,53,53,53,64,74,75,,67,,,7
IN_FORMA_CONT_ES_TERMO_COLAB,,,,,53,54,,46,,,3
IN_LOCAL_FUNC_UNID_PRISIONAL,54,54,54,65,75,76,,68,,,7
IN_FORMA_CONT_ES_TERMO_FOMENTO,,,,,54,55,,47,,,3
IN_LOCAL_FUNC_PRISIONAL_SOCIO,55,55,55,66,76,77,,69,,,7
IN_FORMA_CONT_ES_ACORDO_COOP,,,,,55,56,,48,,,3
IN_LOCAL_FUNC_TEMPLO_IGREJA,56,56,56,67,,,,,,,4
IN_FORMA_CONT_ES_PREST_SERV,,,,,56,57,,49,,,3
IN_LOCAL_FUNC_CASA_PROFESSOR,57,57,57,68,,,,,,,4
IN_FORMA_CONT_ES_COOP_TEC_FIN,,,,,57,58,,50,,,3
IN_LOCAL_FUNC_GALPAO,58,58,58,69,77,78,,70,,,7
IN_FORMA_CONT_ES_CONSORCIO_PUB,,,,,58,59,,51,,,3
TP_OCUPACAO_GALPAO,59,59,59,70,78,79,,71,,,7
IN_LOCAL_FUNC_SALAS_OUTRA_ESC,60,60,60,71,79,80,,72,,,7
IN_LOCAL_FUNC_OUTROS,61,61,61,72,80,81,,73,,,7
IN_PREDIO_COMPARTILHADO,62,62,62,73,81,82,,74,,,7
IN_AGUA_FILTRADA,63,63,63,74,,,,,,,4
IN_AGUA_POTAVEL,64,64,64,75,82,83,,75,,,7
IN_AGUA_REDE_PUBLICA,65,65,65,76,83,84,,76,,,7
IN_AGUA_POCO_ARTESIANO,66,66,66,77,84,85,,77,,,7
IN_AGUA_CACIMBA,67,67,67,78,85,86,,78,,,7
IN_AGUA_FONTE_RIO,68,68,68,79,86,87,,79,,,7
IN_AGUA_INEXISTENTE,69,69,69,80,87,88,,80,,,7
IN_ENERGIA_REDE_PUBLICA,70,70,70,81,88,90,,82,,,7
IN_ENERGIA_GERADOR,71,71,71,82,,,,,,,4
IN_ENERGIA_GERADOR_FOSSIL,72,72,72,83,89,91,,83,,,7
IN_ENERGIA_OUTROS,73,73,73,84,,,,,,,4
IN_ENERGIA_RENOVAVEL,74,74,74,85,90,92,,84,,,7
IN_ENERGIA_INEXISTENTE,75,75,75,86,91,93,,85,,,7
IN_ESGOTO_REDE_PUBLICA,76,76,76,87,92,94,,86,,,7
IN_ESGOTO_FOSSA_SEPTICA,77,77,77,88,93,95,,87,,,7
IN_ESGOTO_FOSSA_COMUM,78,78,78,89,94,96,,88,,,7
IN_ESGOTO_FOSSA,79,79,79,90,95,97,,89,,,7
IN_ESGOTO_INEXISTENTE,80,80,80,91,96,98,,90,,,7
IN_LIXO_SERVICO_COLETA,81,81,81,92,97,99,,91,,,7
IN_LIXO_QUEIMA,82,82,82,93,98,100,,92,,,7
IN_LIXO_ENTERRA,83,83,83,94,99,101,,93,,,7
IN_LIXO_DESTINO_FINAL_PUBLICO,84,84,84,95,100,102,,94,,,7
IN_LIXO_DESCARTA_OUTRA_AREA,85,85,85,96,101,103,,95,,,7
IN_LIXO_JOGA_OUTRA_AREA,86,86,86,97,,,,,,,4
IN_LIXO_OUTROS,87,87,87,98,,,,,,,4
IN_LIXO_RECICLA,88,88,88,99,,,,,,,4
IN_TRATAMENTO_LIXO_SEPARACAO,89,89,89,100,102,104,,96,,,7
IN_AGUA_CARRO_PIPA,,,,,,89,,81,,,2
IN_TRATAMENTO_LIXO_REUTILIZA,90,90,90,101,103,105,,97,,,7
IN_TRATAMENTO_LIXO_RECICLAGEM,91,91,91,102,104,106,,98,,,7
IN_TRATAMENTO_LIXO_INEXISTENTE,92,92,92,103,105,107,,99,,,7
IN_ALMOXARIFADO,93,93,93,104,106,108,,100,,,7
IN_AREA_VERDE,94,94,94,105,107,109,,101,,,7
IN_AUDITORIO,95,95,95,106,108,111,,103,,,7
IN_BANHEIRO_FORA_PREDIO,96,96,96,107,,,,,,,4
IN_BANHEIRO_DENTRO_PREDIO,97,97,97,108,,,,,,,4
IN_BANHEIRO,98,98,98,109,109,112,,104,,,7
IN_BANHEIRO_EI,99,99,99,110,110,113,,105,,,7
IN_BANHEIRO_PNE,100,100,100,111,111,114,,106,,,7
IN_BANHEIRO_FUNCIONARIOS,101,101,101,112,112,115,,107,,,7
IN_BANHEIRO_CHUVEIRO,102,102,102,113,113,116,,108,,,7
IN_BERCARIO,103,103,103,114,,,,,,,4
IN_BIBLIOTECA,104,104,104,115,114,117,,109,,,7
IN_BIBLIOTECA_SALA_LEITURA,105,105,105,116,115,118,,110,,,7
IN_COZINHA,106,106,106,117,116,119,,111,,,7
IN_DESPENSA,107,107,107,118,117,120,,112,,,7
IN_DORMITORIO_ALUNO,108,108,108,119,118,121,,113,,,7
IN_DORMITORIO_PROFESSOR,109,109,109,120,119,122,,114,,,7
IN_LABORATORIO_CIENCIAS,110,110,110,121,120,123,,115,,,7
IN_AREA_PLANTIO,,,,,,110,,102,,,2
IN_LABORATORIO_INFORMATICA,111,111,111,122,121,124,,116,,,7
IN_PATIO_COBERTO,112,112,112,124,123,126,,118,,,7
IN_PATIO_DESCOBERTO,113,113,113,125,124,127,,119,,,7
IN_PARQUE_INFANTIL,114,114,114,126,125,128,,120,,,7
IN_PISCINA,115,115,115,127,126,129,,121,,,7
IN_QUADRA_ESPORTES,116,116,116,128,127,130,,122,,,7
IN_QUADRA_ESPORTES_COBERTA,117,117,117,129,128,131,,123,,,7
IN_QUADRA_ESPORTES_DESCOBERTA,118,118,118,130,129,132,,124,,,7
IN_REFEITORIO,119,119,119,131,130,133,,125,,,7
IN_SALA_ATELIE_ARTES,120,120,120,132,131,134,,126,,,7
IN_SALA_MUSICA_CORAL,121,121,121,133,132,135,,127,,,7
IN_SALA_ESTUDIO_DANCA,122,122,122,134,133,136,,128,,,7
IN_SALA_MULTIUSO,123,123,123,135,134,137,,129,,,7
IN_LABORATORIO_EDUC_PROF,,,,123,122,125,,117,,,4
IN_SALA_DIRETORIA,124,124,124,137,137,140,,132,,,7
IN_SALA_LEITURA,125,125,125,138,138,141,,133,,,7
IN_SALA_PROFESSOR,126,126,126,139,139,142,,134,,,7
IN_SALA_REPOUSO_ALUNO,127,127,127,140,140,143,,135,,,7
IN_SECRETARIA,128,128,128,141,141,144,,136,,,7
IN_SALA_ATENDIMENTO_ESPECIAL,129,129,129,142,142,145,,137,,,7
IN_TERREIRAO,130,130,130,143,143,146,,138,,,7
IN_VIVEIRO,131,131,131,144,144,147,,139,,,7
IN_DEPENDENCIAS_PNE,132,132,132,145,,,,,,,4
IN_LAVANDERIA,133,133,133,146,,,,,,,4
IN_DEPENDENCIAS_OUTRAS,134,134,134,147,145,148,,140,,,7
IN_ACESSIBILIDADE_CORRIMAO,135,135,135,148,146,149,,141,,,7
IN_SALA_ESTUDIO_GRAVACAO,,,,,135,138,,130,,,3
IN_ACESSIBILIDADE_ELEVADOR,136,136,136,149,147,150,,142,,,7
IN_SALA_OFICINAS_EDUC_PROF,,,,136,136,139,,131,,,4
IN_ACESSIBILIDADE_PISOS_TATEIS,137,137,137,150,148,151,,143,,,7
IN_ACESSIBILIDADE_VAO_LIVRE,138,138,138,151,149,152,,144,,,7
IN_ACESSIBILIDADE_RAMPAS,139,139,139,152,150,153,,145,,,7
IN_ACESSIBILIDADE_SINAL_SONORO,140,140,140,153,151,154,,146,,,7
IN_ACESSIBILIDADE_SINAL_TATIL,141,141,141,154,152,155,,147,,,7
IN_ACESSIBILIDADE_SINAL_VISUAL,142,142,142,155,153,156,,148,,,7
IN_ACESSIBILIDADE_INEXISTENTE,143,143,143,156,154,157,,149,,,7
QT_SALAS_EXISTENTES,144,144,144,157,,,,,,,4
QT_SALAS_UTILIZADAS_DENTRO,145,145,145,158,155,159,,151,,,7
QT_SALAS_UTILIZADAS_FORA,146,146,146,159,156,160,,152,,,7
QT_SALAS_UTILIZADAS,147,147,147,160,157,161,,153,,,7
QT_SALAS_UTILIZA_CLIMATIZADAS,148,148,148,161,158,162,,154,,,7
QT_SALAS_UTILIZADAS_ACESSIVEIS,149,149,149,162,159,163,,155,,,7
IN_EQUIP_PARABOLICA,150,150,150,163,160,164,,157,,,7
IN_COMPUTADOR,151,151,151,164,161,165,,158,,,7
IN_EQUIP_COPIADORA,152,152,152,165,162,166,,159,,,7
IN_EQUIP_IMPRESSORA,153,153,153,166,163,167,,160,,,7
IN_EQUIP_IMPRESSORA_MULT,154,154,154,167,164,168,,161,,,7
IN_EQUIP_SCANNER,155,155,155,168,165,169,,162,,,7
IN_EQUIP_NENHUM,156,156,156,169,166,170,,163,,,7
QT_SALAS_LEITURA,,,,,,,,156,,,1
IN_EQUIP_DVD,157,157,157,170,167,171,,164,,,7
QT_EQUIP_DVD,158,158,158,171,168,172,,165,,,7
IN_ACESSIBILIDADE_SINALIZACAO,,,,,,158,,150,,,2
IN_EQUIP_SOM,159,159,159,172,169,173,,166,,,7
QT_EQUIP_SOM,160,160,160,173,170,174,,167,,,7
IN_EQUIP_TV,161,161,161,174,171,175,,168,,,7
QT_EQUIP_TV,162,162,162,175,172,176,,169,,,7
IN_EQUIP_LOUSA_DIGITAL,163,163,163,176,173,177,,170,,,7
QT_EQUIP_LOUSA_DIGITAL,164,164,164,177,174,178,,171,,,7
IN_EQUIP_MULTIMIDIA,165,165,165,178,175,179,,172,,,7
QT_EQUIP_MULTIMIDIA,166,166,166,179,176,180,,173,,,7
IN_EQUIP_VIDEOCASSETE,167,167,167,180,,,,,,,4
IN_EQUIP_RETROPROJETOR,168,168,168,181,,,,,,,4
IN_EQUIP_FAX,169,169,169,182,,,,,,,4
IN_EQUIP_FOTO,170,170,170,183,,,,,,,4
QT_EQUIP_VIDEOCASSETE,171,171,171,184,,,,,,,4
QT_EQUIP_PARABOLICA,172,172,172,185,,,,,,,4
QT_EQUIP_COPIADORA,173,173,173,186,,,,,,,4
QT_EQUIP_RETROPROJETOR,174,174,174,187,,,,,,,4
QT_EQUIP_IMPRESSORA,175,175,175,188,,,,,,,4
QT_EQUIP_IMPRESSORA_MULT,176,176,176,189,,,,,,,4
QT_EQUIP_FAX,177,177,177,190,,,,,,,4
QT_EQUIP_FOTO,178,178,178,191,,,,,,,4
QT_COMP_ALUNO,179,179,179,192,,,,,,,4
IN_DESKTOP_ALUNO,180,180,180,193,177,181,,174,,,7
QT_DESKTOP_ALUNO,181,181,181,194,178,182,,175,,,7
IN_COMP_PORTATIL_ALUNO,182,182,182,195,179,183,,176,,,7
QT_COMP_PORTATIL_ALUNO,183,183,183,196,180,184,,177,,,7
IN_TABLET_ALUNO,184,184,184,197,181,185,,178,,,7
QT_TABLET_ALUNO,185,185,185,198,182,186,,179,,,7
QT_COMPUTADOR,186,186,186,199,,,,,,,4
QT_COMP_ADMINISTRATIVO,187,187,187,200,,,,,,,4
IN_INTERNET,188,188,188,201,183,187,,180,,,7
IN_INTERNET_ALUNOS,189,189,189,202,184,188,,181,,,7
IN_INTERNET_ADMINISTRATIVO,190,190,190,203,185,189,,182,,,7
IN_INTERNET_APRENDIZAGEM,191,191,191,204,186,190,,183,,,7
IN_INTERNET_COMUNIDADE,192,192,192,205,187,191,,184,,,7
IN_ACESSO_INTERNET_COMPUTADOR,193,193,193,206,188,192,,185,,,7
IN_ACES_INTERNET_DISP_PESSOAIS,194,194,194,207,189,193,,186,,,7
TP_REDE_LOCAL,195,195,195,208,190,194,,187,,,7
IN_BANDA_LARGA,196,196,196,209,191,195,,188,,,7
QT_FUNCIONARIOS,197,197,197,210,,,,,,,4
IN_PROF_ADMINISTRATIVOS,198,198,198,211,192,196,,,,,6
QT_PROF_ADMINISTRATIVOS,199,199,199,212,193,197,,189,,,7
IN_PROF_SERVICOS_GERAIS,200,200,200,213,194,198,,,,,6
QT_PROF_SERVICOS_GERAIS,201,201,201,214,195,199,,190,,,7
IN_PROF_BIBLIOTECARIO,202,202,202,215,196,200,,,,,6
QT_PROF_BIBLIOTECARIO,203,203,203,216,197,201,,191,,,7
IN_PROF_SAUDE,204,204,204,217,198,202,,,,,6
QT_PROF_SAUDE,205,205,205,218,199,203,,192,,,7
IN_PROF_COORDENADOR,206,206,206,219,200,204,,,,,6
QT_PROF_COORDENADOR,207,207,207,220,201,205,,193,,,7
IN_PROF_FONAUDIOLOGO,208,208,208,221,202,206,,,,,6
QT_PROF_FONAUDIOLOGO,209,209,209,222,203,207,,194,,,7
IN_PROF_NUTRICIONISTA,210,210,210,223,204,208,,,,,6
QT_PROF_NUTRICIONISTA,211,211,211,224,205,209,,195,,,7
IN_PROF_PSICOLOGO,212,212,212,225,206,210,,,,,6
QT_PROF_PSICOLOGO,213,213,213,226,207,211,,196,,,7
IN_PROF_ALIMENTACAO,214,214,214,227,208,212,,,,,6
QT_PROF_ALIMENTACAO,215,215,215,228,209,213,,197,,,7
IN_PROF_PEDAGOGIA,216,216,216,229,210,214,,,,,6
QT_PROF_PEDAGOGIA,217,217,217,230,211,215,,198,,,7
IN_PROF_SECRETARIO,218,218,218,231,212,216,,,,,6
QT_PROF_SECRETARIO,219,219,219,232,213,217,,199,,,7
IN_PROF_SEGURANCA,220,220,220,233,214,218,,,,,6
QT_PROF_SEGURANCA,221,221,221,234,215,219,,200,,,7
IN_PROF_MONITORES,222,222,222,235,216,220,,,,,6
IN_PROF_TRAD_LIBRAS,,,,,222,226,,,,,2
QT_PROF_MONITORES,223,223,223,236,217,221,,201,,,7
QT_PROF_TRAD_LIBRAS,,,,,223,227,,204,,,3
IN_PROF_GESTAO,224,224,224,237,218,222,,,,,6
QT_PROF_GESTAO,225,225,225,238,219,223,,202,,,7
IN_PROF_ASSIST_SOCIAL,226,226,226,239,220,224,,,,,6
QT_PROF_ASSIST_SOCIAL,227,227,227,240,221,225,,203,,,7
IN_ALIMENTACAO,228,228,228,241,224,232,,207,,,7
IN_PROF_AGRICOLA,,,,,,228,,,,,1
IN_SERIE_ANO,229,229,229,242,,,,,,,4
QT_PROF_AGRICOLA,,,,,,229,,205,,,2
IN_PERIODOS_SEMESTRAIS,230,230,230,243,,,,,,,4
IN_PROF_REVISOR_BRAILLE,,,,,,230,,,,,1
IN_FUNDAMENTAL_CICLOS,231,231,231,244,,,,,,,4
QT_PROF_REVISOR_BRAILLE,,,,,,231,,206,,,2
IN_GRUPOS_NAO_SERIADOS,232,232,232,245,,,,,,,4
IN_MODULOS,233,233,233,246,,,,,,,4
IN_FORMACAO_ALTERNANCIA,234,234,234,247,,,,,,,4
IN_MATERIAL_PED_MULTIMIDIA,235,235,235,248,225,233,,208,,,7
IN_MATERIAL_PED_INFANTIL,236,236,236,249,226,234,,209,,,7
IN_MATERIAL_PED_CIENTIFICO,237,237,237,250,227,235,,210,,,7
IN_MATERIAL_PED_BIL_SURDOS,,,,,237,245,,220,,,3
IN_MATERIAL_PED_DIFUSAO,238,238,238,251,228,236,,211,,,7
IN_MATERIAL_PED_MUSICAL,239,239,239,252,229,237,,212,,,7
IN_MATERIAL_PED_JOGOS,240,240,240,253,230,238,,213,,,7
IN_MATERIAL_PED_ARTISTICAS,241,241,241,254,231,239,,214,,,7
IN_MATERIAL_PED_DESPORTIVA,242,242,242,256,233,241,,216,,,7
IN_MATERIAL_PED_INDIGENA,243,243,243,257,234,242,,217,,,7
IN_MATERIAL_PED_ETNICO,244,244,244,258,235,243,,218,,,7
IN_MATERIAL_PED_CAMPO,245,245,245,259,236,244,,219,,,7
IN_MATERIAL_PED_NENHUM,246,246,246,260,238,249,,224,,,7
IN_MATERIAL_PED_AGRICOLA,,,,,,246,,221,,,2
IN_MATERIAL_ESP_QUILOMBOLA,247,247,247,261,,,,,,,4
IN_MATERIAL_PED_QUILOMBOLA,,,,,,247,,222,,,2
IN_MATERIAL_ESP_INDIGENA,248,248,248,262,,,,,,,4
IN_MATERIAL_PED_EDU_ESP,,,,,,248,,223,,,2
IN_MATERIAL_ESP_NAO_UTILIZA,249,249,249,263,,,,,,,4
IN_EDUCACAO_INDIGENA,250,250,250,264,239,250,,225,,,7
TP_INDIGENA_LINGUA,251,251,251,265,240,251,,226,,,7
CO_LINGUA_INDIGENA_1,252,252,252,266,241,252,,227,,,7
CO_LINGUA_INDIGENA_2,253,253,253,267,242,253,,228,,,7
CO_LINGUA_INDIGENA_3,254,254,254,268,243,254,,229,,,7
IN_BRASIL_ALFABETIZADO,255,255,255,269,,,,,,,4
IN_MATERIAL_PED_PROFISSIONAL,,,,255,232,240,,215,,,4
IN_FINAL_SEMANA,256,256,256,270,,,,,,,4
TP_ITINERARIO_FORMATIVO,,,,,,,,256,,,1
IN_EXAME_SELECAO,257,257,257,271,244,255,,230,,,7
IN_ITINERARIO_APROFUNDAMENTO,,,,,,,,257,,,1
IN_RESERVA_PPI,258,258,258,272,245,256,,231,,,7
IN_ITINERARIO_TECN_PROF,,,,,,,,258,,,1
IN_RESERVA_RENDA,259,259,259,273,246,257,,232,,,7
IN_RESERVA_PUBLICA,260,260,260,274,247,258,,233,,,7
IN_RESERVA_PCD,261,261,261,275,248,259,,234,,,7
IN_RESERVA_OUTROS,262,262,262,276,249,260,,235,,,7
IN_RESERVA_NENHUMA,263,263,263,277,250,261,,236,,,7
IN_ESPECIAL_EXCLUSIVA,,,,,,,,263,,,1
IN_REDES_SOCIAIS,264,264,264,278,251,262,,237,,,7
IN_ESPACO_ATIVIDADE,265,265,265,279,252,263,,238,,,7
IN_ESPACO_EQUIPAMENTO,266,266,266,280,253,264,,239,,,7
IN_PROFISSIONALIZANTE,,,,,,,,266,,,1
IN_ORGAO_ASS_PAIS,267,267,267,281,254,265,,240,,,7
IN_COMUM_CRECHE,,,,,,,,267,,,1
IN_ORGAO_ASS_PAIS_MESTRES,268,268,268,282,255,266,,241,,,7
IN_COMUM_PRE,,,,,,,,268,,,1
IN_ORGAO_CONSELHO_ESCOLAR,269,269,269,283,256,267,,242,,,7
IN_COMUM_FUND_AI,,,,,,,,269,,,1
IN_ORGAO_GREMIO_ESTUDANTIL,270,270,270,284,257,268,,243,,,7
IN_COMUM_FUND_AF,,,,,,,,270,,,1
IN_ORGAO_OUTROS,271,271,271,285,258,269,,244,,,7
IN_COMUM_MEDIO_MEDIO,,,,,,,,271,,,1
IN_ORGAO_NENHUM,272,272,272,286,259,270,,245,,,7
IN_EDUC_AMBIENTAL,,,,,,272,,247,,,2
IN_COMUM_MEDIO_INTEGRADO,,,,,,,,272,,,1
TP_PROPOSTA_PEDAGOGICA,273,273,273,287,260,271,,246,,,7
IN_EDUC_AMB_CONTEUDO,,,,,,273,,248,,,2
IN_COMUM_MEDIO_FIC,,,,,,,,273,,,1
TP_AEE,274,274,274,288,261,279,,254,,,7
IN_EDUC_AMB_CURRICULAR,,,,,,274,,249,,,2
IN_COMUM_MEDIO_NORMAL,,,,,,,,274,,,1
TP_ATIVIDADE_COMPLEMENTAR,275,275,275,289,262,280,,255,,,7
IN_EDUC_AMB_EIXO,,,,,,275,,250,,,2
IN_ESP_EXCLUSIVA_CRECHE,,,,,,,,275,,,1
IN_MEDIACAO_PRESENCIAL,276,276,276,291,263,281,,260,,,7
IN_EDUC_AMB_EVENTOS,,,,,,276,,251,,,2
IN_ESP_EXCLUSIVA_PRE,,,,,,,,276,,,1
IN_MEDIACAO_SEMIPRESENCIAL,277,277,277,292,264,282,,261,,,7
IN_EDUC_AMB_PROJETOS,,,,,,277,,252,,,2
IN_ESP_EXCLUSIVA_FUND_AI,,,,,,,,277,,,1
IN_MEDIACAO_EAD,278,278,278,293,265,283,,262,,,7
IN_EDUC_AMB_NENHUMA,,,,,,278,,253,,,2
IN_ESP_EXCLUSIVA_FUND_AF,,,,,,,,278,,,1
IN_REGULAR,279,279,279,294,266,284,,264,,,7
IN_ESP_EXCLUSIVA_MEDIO_MEDIO,,,,,,,,279,,,1
IN_DIURNO,280,280,280,295,267,285,,,,,6
IN_ESP_EXCLUSIVA_MEDIO_INTEGR,,,,,,,,280,,,1
IN_NOTURNO,281,281,281,296,268,286,,,,,6
IN_ESP_EXCLUSIVA_MEDIO_FIC,,,,,,,,281,,,1
IN_EAD,282,282,282,297,269,287,,,,,6
IN_ESP_EXCLUSIVA_MEDIO_NORMAL,,,,,,,,282,,,1
IN_BAS,283,283,283,298,,,,,,,4
IN_COMUM_EJA_FUND,,,,,,,,283,,,1
IN_INF,284,284,284,299,271,289,,,,,6
IN_COMUM_EJA_MEDIO,,,,,,,,284,,,1
IN_INF_CRE,285,285,285,300,272,290,,,,,6
IN_COMUM_EJA_PROF,,,,,,,,285,,,1
IN_INF_PRE,286,286,286,301,273,291,,,,,6
IN_ESP_EXCLUSIVA_EJA_FUND,,,,,,,,286,,,1
IN_FUND,287,287,287,302,274,292,,,,,6
IN_ESP_EXCLUSIVA_EJA_MEDIO,,,,,,,,287,,,1
IN_FUND_AI,288,288,288,303,275,293,,,,,6
IN_ESP_EXCLUSIVA_EJA_PROF,,,,,,,,288,,,1
IN_FUND_AF,289,289,289,304,276,294,,,,,6
IN_COMUM_PROF,,,,,,,,289,,,1
IN_MED,290,290,290,305,277,295,,,,,6
IN_ESCOLARIZACAO,,,,290,270,288,,259,,,4
IN_ESP_EXCLUSIVA_PROF,,,,,,,,290,,,1
IN_PROF,291,291,291,306,278,296,,,,,6
IN_PROF_TEC,292,292,292,307,279,297,,,,,6
QT_MAT_FUND_AI_1,,,,,292,310,,,32,,3
IN_EJA,293,293,293,308,280,298,,265,,,7
QT_MAT_FUND_AI_2,,,,,293,311,,,33,,3
IN_EJA_FUND,294,294,294,309,281,299,,,,,6
QT_MAT_FUND_AI_3,,,,,294,312,,,34,,3
IN_EJA_MED,295,295,295,310,282,300,,,,,6
QT_MAT_FUND_AI_4,,,,,295,313,,,35,,3
IN_ESP,296,296,296,311,283,301,,,,,6
QT_MAT_FUND_AI_5,,,,,296,314,,,36,,3
IN_ESP_CC,297,297,297,312,284,302,,,,,6
IN_ESP_CE,298,298,298,313,285,303,,,,,6
QT_MAT_FUND_AF_6,,,,,298,316,,,38,,3
QT_MAT_BAS,299,299,299,314,286,304,,,26,,7
QT_MAT_FUND_AF_7,,,,,299,317,,,39,,3
QT_MAT_INF,300,300,300,315,287,305,,,27,,7
QT_MAT_FUND_AF_8,,,,,300,318,,,40,,3
QT_MAT_INF_CRE,301,301,301,316,288,306,,,28,,7
QT_MAT_FUND_AF_9,,,,,301,319,,,41,,3
QT_MAT_INF_PRE,302,302,302,317,289,307,,,29,,7
QT_MAT_FUND,303,303,303,318,290,308,,,30,,7
QT_MAT_MED_PROP,,,,,303,321,,,48,,3
QT_MAT_FUND_AI,304,304,304,319,291,309,,,31,,7
QT_MAT_MED_PROP_1,,,,,304,322,,,49,,3
QT_MAT_FUND_AF,305,305,305,320,297,315,,,37,,7
QT_MAT_MED_PROP_2,,,,,305,323,,,50,,3
QT_MAT_MED,306,306,306,321,302,320,,,42,,7
QT_MAT_MED_PROP_3,,,,,306,324,,,51,,3
QT_MAT_PROF,307,307,307,322,320,338,,,94,,7
QT_MAT_MED_PROP_4,,,,,307,325,,,52,,3
QT_MAT_PROF_TEC,308,308,308,323,321,339,,,95,,7
QT_MAT_MED_PROP_NS,,,,,308,326,,,53,,3
QT_MAT_EJA,309,309,309,324,325,343,,,102,,7
QT_MAT_MED_CT,,,,,309,327,,,,,2
QT_MAT_EJA_FUND,310,310,310,325,326,344,,,103,,7
QT_MAT_MED_CT_1,,,,,310,328,,,,,2
QT_MAT_EJA_MED,311,311,311,326,330,348,,,108,,7
QT_MAT_MED_CT_2,,,,,311,329,,,,,2
QT_MAT_ESP,312,312,312,327,334,352,,,112,,7
QT_MAT_MED_CT_3,,,,,312,330,,,,,2
QT_MAT_ESP_CC,313,313,313,328,335,353,,,125,,7
QT_MAT_MED_CT_4,,,,,313,331,,,,,2
QT_MAT_ESP_CE,314,314,314,329,336,354,,,138,,7
QT_MAT_MED_CT_NS,,,,,314,332,,,,,2
QT_MAT_BAS_FEM,315,315,315,330,337,355,,,151,,7
QT_MAT_MED_NM,,,,,315,333,,,72,,3
QT_MAT_BAS_MASC,316,316,316,331,338,356,,,152,,7
QT_MAT_MED_NM_1,,,,,316,334,,,73,,3
QT_MAT_BAS_ND,317,317,317,332,339,357,,,153,,7
QT_MAT_MED_NM_2,,,,,317,335,,,74,,3
QT_MAT_BAS_BRANCA,318,318,318,333,340,358,,,154,,7
QT_MAT_MED_NM_3,,,,,318,336,,,75,,3
QT_MAT_BAS_PRETA,319,319,319,334,341,359,,,155,,7
QT_MAT_MED_NM_4,,,,,319,337,,,76,,3
QT_MAT_BAS_PARDA,320,320,320,335,342,360,,,156,,7
QT_MAT_BAS_AMARELA,321,321,321,336,343,361,,,157,,7
QT_MAT_BAS_INDIGENA,322,322,322,337,344,362,,,158,,7
QT_MAT_PROF_TEC_CONC,,,,,322,340,,,96,,3
QT_MAT_BAS_0_3,323,323,323,338,345,363,,,159,,7
QT_MAT_PROF_TEC_SUBS,,,,,323,341,,,97,,3
QT_MAT_BAS_4_5,324,324,324,339,346,364,,,160,,7
QT_MAT_PROF_FIC_CONC,,,,,324,342,,,101,,3
QT_MAT_BAS_6_10,325,325,325,340,347,365,,,161,,7
QT_MAT_BAS_11_14,326,326,326,341,348,366,,,162,,7
QT_MAT_BAS_15_17,327,327,327,342,349,367,,,163,,7
QT_MAT_EJA_FUND_AI,,,,,327,345,,,105,,3
QT_MAT_BAS_18_MAIS,328,328,328,343,350,368,,,164,,7
QT_MAT_EJA_FUND_AF,,,,,328,346,,,106,,3
QT_MAT_BAS_D,329,329,329,344,351,369,,,171,,7
QT_MAT_EJA_FUND_FIC,,,,,329,347,,,107,,3
QT_MAT_BAS_N,330,330,330,345,352,370,,,174,,7
QT_MAT_BAS_EAD,331,331,331,346,353,371,,,175,,7
QT_MAT_EJA_MED_NPROF,,,,,331,349,,,109,,3
QT_MAT_INF_INT,332,332,332,347,354,372,,,242,,7
QT_MAT_EJA_MED_FIC,,,,,332,350,,,110,,3
QT_MAT_INF_CRE_INT,333,333,333,348,355,373,,,243,,7
QT_MAT_EJA_MED_TEC,,,,,333,351,,,111,,3
QT_MAT_INF_PRE_INT,334,334,334,349,356,374,,,244,,7
QT_MAT_FUND_INT,335,335,335,350,357,375,,,245,,7
QT_MAT_FUND_AI_INT,336,336,336,351,358,376,,,246,,7
QT_MAT_FUND_AF_INT,337,337,337,352,359,377,,,247,,7
QT_MAT_MED_INT,338,338,338,353,360,378,,,248,,7
QT_DOC_BAS,339,339,339,354,367,385,26,,,,7
QT_DOC_INF,340,340,340,355,368,386,27,,,,7
QT_DOC_INF_CRE,341,341,341,356,369,387,28,,,,7
QT_DOC_INF_PRE,342,342,342,357,370,388,29,,,,7
QT_DOC_FUND,343,343,343,358,371,389,30,,,,7
QT_DOC_FUND_AI,344,344,344,359,372,390,31,,,,7
QT_DOC_FUND_AF,345,345,345,360,373,391,38,,,,7
QT_DOC_MED,346,346,346,361,374,392,45,,,,7
QT_DOC_PROF,347,347,347,362,375,393,74,,,,7
QT_DOC_PROF_TEC,348,348,348,363,376,394,75,,,,7
QT_DOC_EJA,349,349,349,364,377,395,83,,,,7
QT_DOC_EJA_FUND,350,350,350,365,378,396,84,,,,7
QT_DOC_EJA_MED,351,351,351,366,379,397,89,,,,7
QT_DOC_ESP,352,352,352,367,380,398,93,,,,7
QT_DOC_ESP_CC,353,353,353,368,381,399,94,,,,7
QT_DOC_ESP_CE,354,354,354,369,382,400,95,,,,7
QT_TUR_BAS,355,355,355,370,383,401,,,,26,7
QT_TUR_INF,356,356,356,371,384,402,,,,27,7
QT_TUR_INF_CRE,357,357,357,372,385,403,,,,28,7
QT_TUR_INF_PRE,358,358,358,373,386,404,,,,29,7
QT_TUR_FUND,359,359,359,374,387,405,,,,30,7
QT_TUR_FUND_AI,360,360,360,375,388,406,,,,31,7
QT_TUR_FUND_AF,361,361,361,376,389,407,,,,38,7
QT_MAT_ZR_URB,,,,,361,379,,,258,,3
QT_TUR_MED,362,362,362,377,390,408,,,,45,7
QT_MAT_ZR_RUR,,,,,362,380,,,259,,3
QT_TUR_PROF,363,363,363,378,391,409,,,,82,7
QT_MAT_ZR_NA,,,,,363,381,,,260,,3
QT_TUR_PROF_TEC,364,364,364,379,392,410,,,,83,7
QT_TRANSP_PUBLICO,,,,,364,382,,,261,,3
QT_TUR_EJA,365,365,365,380,393,411,,,,91,7
QT_TRANSP_RESP_EST,,,,,365,383,,,262,,3
QT_TUR_EJA_FUND,366,366,366,381,394,412,,,,92,7
QT_TRANSP_RESP_MUN,,,,,366,384,,,263,,3
QT_TUR_EJA_MED,367,367,367,382,395,413,,,,97,7
QT_TUR_ESP,368,368,368,383,396,414,,,,101,7
QT_TUR_ESP_CC,369,369,369,384,397,415,,,,102,7
QT_TUR_ESP_CE,370,370,370,385,398,416,,,,103,7
QT_TUR_BAS_D,,,,,399,417,,,,104,3
QT_TUR_BAS_N,,,,,400,418,,,,107,3
QT_TUR_BAS_EAD,,,,,401,419,,,,108,3
QT_TUR_INF_INT,,,,,402,420,,,,175,3
QT_TUR_INF_CRE_INT,,,,,403,421,,,,176,3
QT_TUR_INF_PRE_INT,,,,,404,422,,,,177,3
QT_TUR_FUND_INT,,,,,405,423,,,,178,3
QT_TUR_FUND_AI_INT,,,,,406,424,,,,179,3
QT_TUR_FUND_AF_INT,,,,,407,425,,,,180,3
QT_TUR_MED_INT,,,,,408,426,,,,181,3
NO_SUBDISTRITO,,,,,,,15,15,15,15,4
CO_SUBDISTRITO,,,,,,,16,16,16,16,4
CO_REDE,,,,,,,19,19,19,19,4
QT_DOC_FUND_AI_1,,,,,,,32,,,,1
QT_TUR_FUND_AI_1,,,,,,,,,,32,1
QT_DOC_FUND_AI_2,,,,,,,33,,,,1
QT_TUR_FUND_AI_2,,,,,,,,,,33,1
QT_DOC_FUND_AI_3,,,,,,,34,,,,1
QT_TUR_FUND_AI_3,,,,,,,,,,34,1
QT_DOC_FUND_AI_4,,,,,,,35,,,,1
QT_TUR_FUND_AI_4,,,,,,,,,,35,1
QT_DOC_FUND_AI_5,,,,,,,36,,,,1
QT_TUR_FUND_AI_5,,,,,,,,,,36,1
QT_DOC_FUND_AI_MULTIETAPA,,,,,,,37,,,,1
QT_TUR_FUND_AI_MULTIETAPA,,,,,,,,,,37,1
QT_DOC_FUND_AF_6,,,,,,,39,,,,1
QT_TUR_FUND_AF_6,,,,,,,,,,39,1
QT_DOC_FUND_AF_7,,,,,,,40,,,,1
QT_TUR_FUND_AF_7,,,,,,,,,,40,1
QT_DOC_FUND_AF_8,,,,,,,41,,,,1
QT_TUR_FUND_AF_8,,,,,,,,,,41,1
QT_DOC_FUND_AF_9,,,,,,,42,,,,1
QT_TUR_FUND_AF_9,,,,,,,,,,42,1
QT_DOC_FUND_AF_MULTI,,,,,,,43,,,,1
QT_MAT_MED_1,,,,,,,,,43,,1
QT_TUR_FUND_AF_MULTI,,,,,,,,,,43,1
QT_DOC_FUND_AF_CORRFLUXO,,,,,,,44,,,,1
QT_MAT_MED_2,,,,,,,,,44,,1
QT_TUR_FUND_AF_CORRFLUXO,,,,,,,,,,44,1
QT_MAT_MED_3,,,,,,,,,45,,1
QT_DOC_MED_1,,,,,,,46,,,,1
QT_MAT_MED_4,,,,,,,,,46,,1
QT_TUR_MED_1,,,,,,,,,,46,1
QT_DOC_MED_2,,,,,,,47,,,,1
QT_MAT_MED_NS,,,,,,,,,47,,1
QT_TUR_MED_2,,,,,,,,,,47,1
QT_DOC_MED_3,,,,,,,48,,,,1
QT_TUR_MED_3,,,,,,,,,,48,1
QT_DOC_MED_4,,,,,,,49,,,,1
QT_TUR_MED_4,,,,,,,,,,49,1
QT_DOC_MED_NS,,,,,,,50,,,,1
QT_TUR_MED_NS,,,,,,,,,,50,1
QT_DOC_MED_PROP,,,,,,,51,,,,1
QT_TUR_MED_PROP,,,,,,,,,,51,1
QT_DOC_MED_PROP_1,,,,,,,52,,,,1
QT_TUR_MED_PROP_1,,,,,,,,,,52,1
QT_DOC_MED_PROP_2,,,,,,,53,,,,1
QT_TUR_MED_PROP_2,,,,,,,,,,53,1
QT_DOC_MED_PROP_3,,,,,,,54,,,,1
QT_MAT_MED_IFTP_CT,,,,,,,,,54,,1
QT_TUR_MED_PROP_3,,,,,,,,,,54,1
QT_DOC_MED_PROP_4,,,,,,,55,,,,1
QT_MAT_MED_IFTP_CT_MT,,,,,,,,,55,,1
QT_TUR_MED_PROP_4,,,,,,,,,,55,1
QT_DOC_MED_PROP_NS,,,,,,,56,,,,1
QT_MAT_MED_IFTP_CT_OTME,,,,,,,,,56,,1
QT_TUR_MED_PROP_NS,,,,,,,,,,56,1
QT_DOC_MED_IFTP_CT,,,,,,,57,,,,1
QT_MAT_MED_IFTP_CT_OE,,,,,,,,,57,,1
QT_TUR_MED_IFTP_CT,,,,,,,,,,57,1
QT_DOC_MED_IFTP_CT_1,,,,,,,58,,,,1
QT_MAT_MED_IFTP_CT_1,,,,,,,,,58,,1
QT_TUR_MED_IFTP_CT_1,,,,,,,,,,58,1
QT_DOC_MED_IFTP_CT_2,,,,,,,59,,,,1
QT_MAT_MED_IFTP_CT_2,,,,,,,,,59,,1
QT_TUR_MED_IFTP_CT_2,,,,,,,,,,59,1
QT_DOC_MED_IFTP_CT_3,,,,,,,60,,,,1
QT_MAT_MED_IFTP_CT_3,,,,,,,,,60,,1
QT_TUR_MED_IFTP_CT_3,,,,,,,,,,60,1
QT_DOC_MED_IFTP_CT_4,,,,,,,61,,,,1
QT_MAT_MED_IFTP_CT_4,,,,,,,,,61,,1
QT_TUR_MED_IFTP_CT_4,,,,,,,,,,61,1
QT_DOC_MED_IFTP_CT_NS,,,,,,,62,,,,1
QT_MAT_MED_IFTP_CT_NS,,,,,,,,,62,,1
QT_TUR_MED_IFTP_CT_NS,,,,,,,,,,62,1
QT_DOC_MED_IFTP_QP,,,,,,,63,,,,1
QT_MAT_MED_IFTP_QP,,,,,,,,,63,,1
QT_TUR_MED_IFTP_QP,,,,,,,,,,63,1
QT_DOC_MED_IFTP_QP_1,,,,,,,64,,,,1
QT_MAT_MED_IFTP_QP_MT,,,,,,,,,64,,1
QT_TUR_MED_IFTP_QP_1,,,,,,,,,,64,1
QT_DOC_MED_IFTP_QP_2,,,,,,,65,,,,1
QT_MAT_MED_IFTP_QP_OTME,,,,,,,,,65,,1
QT_TUR_MED_IFTP_QP_2,,,,,,,,,,65,1
QT_DOC_MED_IFTP_QP_3,,,,,,,66,,,,1
QT_MAT_MED_IFTP_QP_OE,,,,,,,,,66,,1
QT_TUR_MED_IFTP_QP_3,,,,,,,,,,66,1
QT_DOC_MED_IFTP_QP_4,,,,,,,67,,,,1
QT_MAT_MED_IFTP_QP_1,,,,,,,,,67,,1
QT_TUR_MED_IFTP_QP_4,,,,,,,,,,67,1
QT_DOC_MED_IFTP_QP_NS,,,,,,,68,,,,1
QT_MAT_MED_IFTP_QP_2,,,,,,,,,68,,1
QT_TUR_MED_IFTP_QP_NS,,,,,,,,,,68,1
QT_DOC_MED_NM,,,,,,,69,,,,1
QT_MAT_MED_IFTP_QP_3,,,,,,,,,69,,1
QT_TUR_MED_NM,,,,,,,,,,69,1
QT_DOC_MED_NM_1,,,,,,,70,,,,1
QT_MAT_MED_IFTP_QP_4,,,,,,,,,70,,1
QT_TUR_MED_NM_1,,,,,,,,,,70,1
QT_DOC_MED_NM_2,,,,,,,71,,,,1
QT_MAT_MED_IFTP_QP_NS,,,,,,,,,71,,1
QT_TUR_MED_NM_2,,,,,,,,,,71,1
QT_DOC_MED_NM_3,,,,,,,72,,,,1
QT_TUR_MED_NM_3,,,,,,,,,,72,1
QT_DOC_MED_NM_4,,,,,,,73,,,,1
QT_TUR_MED_NM_4,,,,,,,,,,73,1
QT_TUR_MED_IFA_EXC,,,,,,,,,,74,1
QT_TUR_MED_IFTP_EXC,,,,,,,,,,75,1
QT_DOC_PROF_TEC_CONC,,,,,,,76,,,,1
QT_TUR_MED_IFTP_EXC_QP,,,,,,,,,,76,1
QT_DOC_PROF_TEC_SUBS,,,,,,,77,,,,1
QT_MAT_MED_IFA,,,,,,,,,77,,1
QT_TUR_MED_IFA,,,,,,,,,,77,1
QT_DOC_PROF_TEC_MISTO,,,,,,,78,,,,1
QT_MAT_MED_IFA_LING,,,,,,,,,78,,1
QT_TUR_MED_IFA_LING,,,,,,,,,,78,1
QT_DOC_PROF_TEC_IFTP_CT,,,,,,,79,,,,1
QT_MAT_MED_IFA_LING_MT,,,,,,,,,79,,1
QT_TUR_MED_IFA_MATE,,,,,,,,,,79,1
QT_DOC_PROF_NAO_TEC,,,,,,,80,,,,1
QT_MAT_MED_IFA_LING_OTME,,,,,,,,,80,,1
QT_TUR_MED_IFA_CIENC,,,,,,,,,,80,1
QT_DOC_PROF_IFTP_QP,,,,,,,81,,,,1
QT_MAT_MED_IFA_LING_OE,,,,,,,,,81,,1
QT_TUR_MED_IFA_HUMA,,,,,,,,,,81,1
QT_DOC_PROF_FIC_CONC,,,,,,,82,,,,1
QT_MAT_MED_IFA_MATE,,,,,,,,,82,,1
QT_MAT_MED_IFA_MATE_MT,,,,,,,,,83,,1
QT_MAT_MED_IFA_MATE_OTME,,,,,,,,,84,,1
QT_TUR_PROF_TEC_CONC,,,,,,,,,,84,1
QT_DOC_EJA_FUND_NPROF,,,,,,,85,,,,1
QT_MAT_MED_IFA_MATE_OE,,,,,,,,,85,,1
QT_TUR_PROF_TEC_SUBS,,,,,,,,,,85,1
QT_DOC_EJA_FUND_AI,,,,,,,86,,,,1
QT_MAT_MED_IFA_CIENC,,,,,,,,,86,,1
QT_TUR_PROF_TEC_MISTO,,,,,,,,,,86,1
QT_DOC_EJA_FUND_AF,,,,,,,87,,,,1
QT_MAT_MED_IFA_CIENC_MT,,,,,,,,,87,,1
QT_TUR_PROF_TEC_IFTP_CT,,,,,,,,,,87,1
QT_DOC_EJA_FUND_FIC,,,,,,,88,,,,1
QT_MAT_MED_IFA_CIENC_OTME,,,,,,,,,88,,1
QT_TUR_PROF_NAO_TEC,,,,,,,,,,88,1
QT_MAT_MED_IFA_CIENC_OE,,,,,,,,,89,,1
QT_TUR_PROF_IFTP_QP,,,,,,,,,,89,1
QT_DOC_EJA_MED_NPROF,,,,,,,90,,,,1
QT_MAT_MED_IFA_HUMA,,,,,,,,,90,,1
QT_TUR_PROF_FIC_CONC,,,,,,,,,,90,1
QT_DOC_EJA_MED_FIC,,,,,,,91,,,,1
QT_MAT_MED_IFA_HUMA_MT,,,,,,,,,91,,1
QT_DOC_EJA_MED_TEC,,,,,,,92,,,,1
QT_MAT_MED_IFA_HUMA_OTME,,,,,,,,,92,,1
QT_MAT_MED_IFA_HUMA_OE,,,,,,,,,93,,1
QT_TUR_EJA_FUND_NPROF,,,,,,,,,,93,1
QT_TUR_EJA_FUND_AI,,,,,,,,,,94,1
QT_TUR_EJA_FUND_AF,,,,,,,,,,95,1
QT_DOC_BAS_FEM,,,,,,,96,,,,1
QT_TUR_EJA_FUND_FIC,,,,,,,,,,96,1
QT_DOC_BAS_MASC,,,,,,,97,,,,1
QT_DOC_BAS_ND,,,,,,,98,,,,1
QT_MAT_PROF_TEC_IFTP_CT,,,,,,,,,98,,1
QT_TUR_EJA_MED_NPROF,,,,,,,,,,98,1
QT_DOC_BAS_BRANCA,,,,,,,99,,,,1
QT_MAT_PROF_NAO_TEC,,,,,,,,,99,,1
QT_TUR_EJA_MED_FIC,,,,,,,,,,99,1
QT_DOC_BAS_PRETA,,,,,,,100,,,,1
QT_MAT_PROF_IFTP_QP,,,,,,,,,100,,1
QT_TUR_EJA_MED_TEC,,,,,,,,,,100,1
QT_DOC_BAS_PARDA,,,,,,,101,,,,1
QT_DOC_BAS_AMARELA,,,,,,,102,,,,1
QT_DOC_BAS_INDIGENA,,,,,,,103,,,,1
QT_DOC_BAS_0_24,,,,,,,104,,,,1
QT_MAT_EJA_FUND_NPROF,,,,,,,,,104,,1
QT_DOC_BAS_25_29,,,,,,,105,,,,1
QT_TUR_BAS_DM,,,,,,,,,,105,1
QT_DOC_BAS_30_39,,,,,,,106,,,,1
QT_TUR_BAS_DV,,,,,,,,,,106,1
QT_DOC_BAS_40_49,,,,,,,107,,,,1
QT_DOC_BAS_50_54,,,,,,,108,,,,1
QT_DOC_BAS_55_59,,,,,,,109,,,,1
QT_TUR_INF_CRE_D,,,,,,,,,,109,1
QT_DOC_BAS_60_MAIS,,,,,,,110,,,,1
QT_TUR_INF_CRE_DM,,,,,,,,,,110,1
QT_DOC_BAS_PCD,,,,,,,111,,,,1
QT_TUR_INF_CRE_DV,,,,,,,,,,111,1
QT_DOC_BAS_ZR_URB,,,,,,,112,,,,1
QT_TUR_INF_CRE_N,,,,,,,,,,112,1
QT_DOC_BAS_ZR_RUR,,,,,,,113,,,,1
QT_MAT_ESP_INF,,,,,,,,,113,,1
QT_TUR_INF_PRE_D,,,,,,,,,,113,1
QT_DOC_BAS_ZR_NA,,,,,,,114,,,,1
QT_MAT_ESP_INF_CRE,,,,,,,,,114,,1
QT_TUR_INF_PRE_DM,,,,,,,,,,114,1
QT_DOC_BAS_ESCO_EF,,,,,,,115,,,,1
QT_MAT_ESP_INF_PRE,,,,,,,,,115,,1
QT_TUR_INF_PRE_DV,,,,,,,,,,115,1
QT_DOC_BAS_ESCO_EM,,,,,,,116,,,,1
QT_MAT_ESP_FUND,,,,,,,,,116,,1
QT_TUR_INF_PRE_N,,,,,,,,,,116,1
QT_DOC_BAS_ESCO_SUP_GRAD,,,,,,,117,,,,1
QT_MAT_ESP_FUND_AI,,,,,,,,,117,,1
QT_TUR_FUND_D,,,,,,,,,,117,1
QT_DOC_BAS_ESCO_SUP_GRAD_LICEN,,,,,,,118,,,,1
QT_MAT_ESP_FUND_AF,,,,,,,,,118,,1
QT_TUR_FUND_DM,,,,,,,,,,118,1
QT_DOC_BAS_ESCO_SUP_GRAD_SLICEN,,,,,,,119,,,,1
QT_MAT_ESP_MED,,,,,,,,,119,,1
QT_TUR_FUND_DV,,,,,,,,,,119,1
QT_DOC_BAS_ESCO_SUP_POS_ESPEC,,,,,,,120,,,,1
QT_MAT_ESP_PROF,,,,,,,,,120,,1
QT_TUR_FUND_N,,,,,,,,,,120,1
QT_DOC_BAS_ESCO_SUP_POS_MESTRA,,,,,,,121,,,,1
QT_MAT_ESP_PROF_TEC,,,,,,,,,121,,1
QT_TUR_FUND_AI_D,,,,,,,,,,121,1
QT_DOC_BAS_ESCO_SUP_POS_DOUTO,,,,,,,122,,,,1
QT_MAT_ESP_EJA,,,,,,,,,122,,1
QT_TUR_FUND_AI_DM,,,,,,,,,,122,1
QT_DOC_BAS_ESCO_SUP_POS_NENHUM,,,,,,,123,,,,1
QT_MAT_ESP_EJA_FUND,,,,,,,,,123,,1
QT_TUR_FUND_AI_DV,,,,,,,,,,123,1
QT_DOC_BAS_VINCULO_CONCUR,,,,,,,124,,,,1
QT_MAT_ESP_EJA_MED,,,,,,,,,124,,1
QT_TUR_FUND_AI_N,,,,,,,,,,124,1
QT_DOC_BAS_VINCULO_CONTRA,,,,,,,125,,,,1
QT_TUR_FUND_AF_D,,,,,,,,,,125,1
QT_DOC_BAS_VINCULO_TERCEIR,,,,,,,126,,,,1
QT_MAT_ESP_CC_INF,,,,,,,,,126,,1
QT_TUR_FUND_AF_DM,,,,,,,,,,126,1
QT_DOC_BAS_VINCULO_CLT,,,,,,,127,,,,1
QT_MAT_ESP_CC_INF_CRE,,,,,,,,,127,,1
QT_TUR_FUND_AF_DV,,,,,,,,,,127,1
QT_DOC_BAS_DOCENTE,,,,,,,128,,,,1
QT_MAT_ESP_CC_INF_PRE,,,,,,,,,128,,1
QT_TUR_FUND_AF_N,,,,,,,,,,128,1
QT_DOC_BAS_AUXILIAR,,,,,,,129,,,,1
QT_MAT_ESP_CC_FUND,,,,,,,,,129,,1
QT_TUR_MED_D,,,,,,,,,,129,1
QT_DOC_BAS_PROFI_MONITOR,,,,,,,130,,,,1
QT_MAT_ESP_CC_FUND_AI,,,,,,,,,130,,1
QT_TUR_MED_DM,,,,,,,,,,130,1
QT_DOC_BAS_TRADUTOR_LIBRAS,,,,,,,131,,,,1
QT_MAT_ESP_CC_FUND_AF,,,,,,,,,131,,1
QT_TUR_MED_DV,,,,,,,,,,131,1
QT_DOC_BAS_TITULAR_EAD,,,,,,,132,,,,1
QT_MAT_ESP_CC_MED,,,,,,,,,132,,1
QT_TUR_MED_N,,,,,,,,,,132,1
QT_DOC_BAS_TUTOR_AUX_EAD,,,,,,,133,,,,1
QT_MAT_ESP_CC_PROF,,,,,,,,,133,,1
QT_TUR_MED_EAD,,,,,,,,,,133,1
QT_DOC_BAS_GUIA_INTERPRETE,,,,,,,134,,,,1
QT_MAT_ESP_CC_PROF_TEC,,,,,,,,,134,,1
QT_TUR_PROF_D,,,,,,,,,,134,1
QT_DOC_BAS_APOIO_PCD,,,,,,,135,,,,1
QT_MAT_ESP_CC_EJA,,,,,,,,,135,,1
QT_TUR_PROF_DM,,,,,,,,,,135,1
QT_DOC_BAS_INSTRUTOR_EP,,,,,,,136,,,,1
QT_MAT_ESP_CC_EJA_FUND,,,,,,,,,136,,1
QT_TUR_PROF_DV,,,,,,,,,,136,1
QT_DOC_BAS_ESPEC_CRE,,,,,,,137,,,,1
QT_MAT_ESP_CC_EJA_MED,,,,,,,,,137,,1
QT_TUR_PROF_N,,,,,,,,,,137,1
QT_DOC_BAS_ESPEC_PRE_ESCOLA,,,,,,,138,,,,1
QT_TUR_PROF_EAD,,,,,,,,,,138,1
QT_DOC_BAS_ESPEC_ANOS_INICIAIS,,,,,,,139,,,,1
QT_MAT_ESP_CE_INF,,,,,,,,,139,,1
QT_TUR_PROF_TEC_D,,,,,,,,,,139,1
QT_DOC_BAS_ESPEC_ANOS_FINAIS,,,,,,,140,,,,1
QT_MAT_ESP_CE_INF_CRE,,,,,,,,,140,,1
QT_TUR_PROF_TEC_DM,,,,,,,,,,140,1
QT_DOC_BAS_ESPEC_ENS_MEDIO,,,,,,,141,,,,1
QT_MAT_ESP_CE_INF_PRE,,,,,,,,,141,,1
QT_TUR_PROF_TEC_DV,,,,,,,,,,141,1
QT_DOC_BAS_ESPEC_EJA,,,,,,,142,,,,1
QT_MAT_ESP_CE_FUND,,,,,,,,,142,,1
QT_TUR_PROF_TEC_N,,,,,,,,,,142,1
QT_DOC_BAS_ESPEC_ED_ESPECIAL,,,,,,,143,,,,1
QT_MAT_ESP_CE_FUND_AI,,,,,,,,,143,,1
QT_TUR_PROF_TEC_EAD,,,,,,,,,,143,1
QT_DOC_BAS_ESPEC_BIL_SURDOS,,,,,,,144,,,,1
QT_MAT_ESP_CE_FUND_AF,,,,,,,,,144,,1
QT_TUR_EJA_D,,,,,,,,,,144,1
QT_DOC_BAS_ESPEC_ED_INDIGENA,,,,,,,145,,,,1
QT_MAT_ESP_CE_MED,,,,,,,,,145,,1
QT_TUR_EJA_DM,,,,,,,,,,145,1
QT_DOC_BAS_ESPEC_CAMPO,,,,,,,146,,,,1
QT_MAT_ESP_CE_PROF,,,,,,,,,146,,1
QT_TUR_EJA_DV,,,,,,,,,,146,1
QT_DOC_BAS_ESPEC_AMBIENTAL,,,,,,,147,,,,1
QT_MAT_ESP_CE_PROF_TEC,,,,,,,,,147,,1
QT_TUR_EJA_N,,,,,,,,,,147,1
QT_DOC_BAS_ESPEC_DIR_HUMANOS,,,,,,,148,,,,1
QT_MAT_ESP_CE_EJA,,,,,,,,,148,,1
QT_TUR_EJA_EAD,,,,,,,,,,148,1
QT_DOC_BAS_ESPEC_DIV_SEXUAL,,,,,,,149,,,,1
QT_MAT_ESP_CE_EJA_FUND,,,,,,,,,149,,1
QT_TUR_EJA_FUND_D,,,,,,,,,,149,1
QT_DOC_BAS_ESPEC_DIR_ADOLESC,,,,,,,150,,,,1
QT_MAT_ESP_CE_EJA_MED,,,,,,,,,150,,1
QT_TUR_EJA_FUND_DM,,,,,,,,,,150,1
QT_DOC_BAS_ESPEC_AFRO,,,,,,,151,,,,1
QT_TUR_EJA_FUND_DV,,,,,,,,,,151,1
QT_DOC_BAS_ESPEC_GESTAO,,,,,,,152,,,,1
QT_TUR_EJA_FUND_N,,,,,,,,,,152,1
QT_DOC_BAS_ESPEC_EDUC_TIC,,,,,,,153,,,,1
QT_TUR_EJA_FUND_EAD,,,,,,,,,,153,1
QT_DOC_BAS_ESPEC_OUTROS,,,,,,,154,,,,1
QT_TUR_EJA_MED_D,,,,,,,,,,154,1
QT_DOC_BAS_ESPEC_NENHUM,,,,,,,155,,,,1
QT_TUR_EJA_MED_DM,,,,,,,,,,155,1
QT_DOC_BAS_DISC_LINGUA_PORT,,,,,,,156,,,,1
QT_TUR_EJA_MED_DV,,,,,,,,,,156,1
QT_DOC_BAS_DISC_EDUC_FISICA,,,,,,,157,,,,1
QT_TUR_EJA_MED_N,,,,,,,,,,157,1
QT_DOC_BAS_DISC_ARTES,,,,,,,158,,,,1
QT_TUR_EJA_MED_EAD,,,,,,,,,,158,1
QT_DOC_BAS_DISC_LINGUA_ING,,,,,,,159,,,,1
QT_TUR_ESP_D,,,,,,,,,,159,1
QT_DOC_BAS_DISC_LINGUA_ESPA,,,,,,,160,,,,1
QT_TUR_ESP_DM,,,,,,,,,,160,1
QT_DOC_BAS_DISC_LINGUA_FRANC,,,,,,,161,,,,1
QT_TUR_ESP_DV,,,,,,,,,,161,1
QT_DOC_BAS_DISC_LINGUA_OUTRA,,,,,,,162,,,,1
QT_TUR_ESP_N,,,,,,,,,,162,1
QT_DOC_BAS_DISC_LIBRAS,,,,,,,163,,,,1
QT_TUR_ESP_EAD,,,,,,,,,,163,1
QT_DOC_BAS_DISC_LINGUA_INDIG,,,,,,,164,,,,1
QT_TUR_ESP_CC_D,,,,,,,,,,164,1
QT_DOC_BAS_DISC_PORT_SEG_LINGUA,,,,,,,165,,,,1
QT_MAT_BAS_0_3_REF_31_03,,,,,,,,,165,,1
QT_TUR_ESP_CC_DM,,,,,,,,,,165,1
QT_DOC_BAS_DISC_MATEMATICA,,,,,,,166,,,,1
QT_MAT_BAS_4_5_REF_31_03,,,,,,,,,166,,1
QT_TUR_ESP_CC_DV,,,,,,,,,,166,1
QT_DOC_BAS_DISC_CIENCIAS,,,,,,,167,,,,1
QT_MAT_BAS_6_10_REF_31_03,,,,,,,,,167,,1
QT_TUR_ESP_CC_N,,,,,,,,,,167,1
QT_DOC_BAS_DISC_FISICA,,,,,,,168,,,,1
QT_MAT_BAS_11_14_REF_31_03,,,,,,,,,168,,1
QT_TUR_ESP_CC_EAD,,,,,,,,,,168,1
QT_DOC_BAS_DISC_QUIMICA,,,,,,,169,,,,1
QT_MAT_BAS_15_17_REF_31_03,,,,,,,,,169,,1
QT_TUR_ESP_CE_D,,,,,,,,,,169,1
QT_DOC_BAS_DISC_BIOLOGIA,,,,,,,170,,,,1
QT_MAT_BAS_18_MAIS_REF_31_03,,,,,,,,,170,,1
QT_TUR_ESP_CE_DM,,,,,,,,,,170,1
QT_DOC_BAS_DISC_HISTORIA,,,,,,,171,,,,1
QT_TUR_ESP_CE_DV,,,,,,,,,,171,1
QT_DOC_BAS_DISC_GEOGRAFIA,,,,,,,172,,,,1
QT_MAT_BAS_DM,,,,,,,,,172,,1
QT_TUR_ESP_CE_N,,,,,,,,,,172,1
QT_DOC_BAS_DISC_SOCIOLOGIA,,,,,,,173,,,,1
QT_MAT_BAS_DV,,,,,,,,,173,,1
QT_TUR_ESP_CE_EAD,,,,,,,,,,173,1
QT_DOC_BAS_DISC_FILOSOFIA,,,,,,,174,,,,1
QT_TUR_BAS_INT,,,,,,,,,,174,1
QT_DOC_BAS_DISC_EST_SOCIAIS,,,,,,,175,,,,1
QT_DOC_BAS_DISC_EST_SOCIAIS_SOCI,,,,,,,176,,,,1
QT_MAT_INF_CRE_D,,,,,,,,,176,,1
QT_DOC_BAS_DISC_INFO_COMPUTACAO,,,,,,,177,,,,1
QT_MAT_INF_CRE_DM,,,,,,,,,177,,1
QT_DOC_BAS_DISC_ENSINO_RELIGIOSO,,,,,,,178,,,,1
QT_MAT_INF_CRE_DV,,,,,,,,,178,,1
QT_DOC_BAS_DISC_PROFISSIONA,,,,,,,179,,,,1
QT_MAT_INF_CRE_N,,,,,,,,,179,,1
QT_DOC_BAS_DISC_ESTAGIO_SUPER,,,,,,,180,,,,1
QT_MAT_INF_PRE_D,,,,,,,,,180,,1
QT_DOC_BAS_DISC_PEDAGOGICAS,,,,,,,181,,,,1
QT_MAT_INF_PRE_DM,,,,,,,,,181,,1
QT_DOC_BAS_DISC_PROJETO_DE_VIDA,,,,,,,182,,,,1
QT_MAT_INF_PRE_DV,,,,,,,,,182,,1
QT_TUR_PROF_INT,,,,,,,,,,182,1
QT_DOC_BAS_DISC_OUTRAS,,,,,,,183,,,,1
QT_MAT_INF_PRE_N,,,,,,,,,183,,1
QT_TUR_PROF_TEC_INT,,,,,,,,,,183,1
QT_DOC_BAS_LIBRAS,,,,,,,184,,,,1
QT_MAT_FUND_D,,,,,,,,,184,,1
QT_TUR_EJA_INT,,,,,,,,,,184,1
QT_MAT_FUND_DM,,,,,,,,,185,,1
QT_TUR_EJA_FUND_INT,,,,,,,,,,185,1
QT_MAT_FUND_DV,,,,,,,,,186,,1
QT_TUR_EJA_MED_INT,,,,,,,,,,186,1
QT_MAT_FUND_N,,,,,,,,,187,,1
QT_TUR_ESP_INT,,,,,,,,,,187,1
QT_MAT_FUND_AI_D,,,,,,,,,188,,1
QT_TUR_ESP_CC_INT,,,,,,,,,,188,1
QT_MAT_FUND_AI_DM,,,,,,,,,189,,1
QT_TUR_ESP_CE_INT,,,,,,,,,,189,1
QT_MAT_FUND_AI_DV,,,,,,,,,190,,1
QT_TUR_BAS_DISC_LINGUA_PORT,,,,,,,,,,190,1
QT_MAT_FUND_AI_N,,,,,,,,,191,,1
QT_TUR_BAS_DISC_EDUC_FISICA,,,,,,,,,,191,1
QT_MAT_FUND_AF_D,,,,,,,,,192,,1
QT_TUR_BAS_DISC_ARTES,,,,,,,,,,192,1
QT_MAT_FUND_AF_DM,,,,,,,,,193,,1
QT_TUR_BAS_DISC_LINGUA_ING,,,,,,,,,,193,1
QT_MAT_FUND_AF_DV,,,,,,,,,194,,1
QT_TUR_BAS_DISC_LINGUA_ESPA,,,,,,,,,,194,1
QT_MAT_FUND_AF_N,,,,,,,,,195,,1
QT_TUR_BAS_DISC_LINGUA_FRANC,,,,,,,,,,195,1
QT_MAT_MED_D,,,,,,,,,196,,1
QT_TUR_BAS_DISC_LINGUA_OUTRA,,,,,,,,,,196,1
QT_MAT_MED_DM,,,,,,,,,197,,1
QT_TUR_BAS_DISC_LIBRAS,,,,,,,,,,197,1
QT_MAT_MED_DV,,,,,,,,,198,,1
QT_TUR_BAS_DISC_LINGUA_INDIG,,,,,,,,,,198,1
QT_MAT_MED_N,,,,,,,,,199,,1
QT_TUR_BAS_DISC_PORT_SEG_LINGUA,,,,,,,,,,199,1
QT_MAT_MED_EAD,,,,,,,,,200,,1
QT_TUR_BAS_DISC_MATEMATICA,,,,,,,,,,200,1
QT_MAT_PROF_D,,,,,,,,,201,,1
QT_TUR_BAS_DISC_CIENCIAS,,,,,,,,,,201,1
QT_MAT_PROF_DM,,,,,,,,,202,,1
QT_TUR_BAS_DISC_FISICA,,,,,,,,,,202,1
QT_MAT_PROF_DV,,,,,,,,,203,,1
QT_TUR_BAS_DISC_QUIMICA,,,,,,,,,,203,1
QT_MAT_PROF_N,,,,,,,,,204,,1
QT_TUR_BAS_DISC_BIOLOGIA,,,,,,,,,,204,1
QT_MAT_PROF_EAD,,,,,,,,,205,,1
QT_TUR_BAS_DISC_HISTORIA,,,,,,,,,,205,1
QT_MAT_PROF_TEC_D,,,,,,,,,206,,1
QT_TUR_BAS_DISC_GEOGRAFIA,,,,,,,,,,206,1
QT_MAT_PROF_TEC_DM,,,,,,,,,207,,1
QT_TUR_BAS_DISC_SOCIOLOGIA,,,,,,,,,,207,1
QT_MAT_PROF_TEC_DV,,,,,,,,,208,,1
QT_TUR_BAS_DISC_FILOSOFIA,,,,,,,,,,208,1
QT_MAT_PROF_TEC_N,,,,,,,,,209,,1
QT_TUR_BAS_DISC_EST_SOCIAIS,,,,,,,,,,209,1
QT_MAT_PROF_TEC_EAD,,,,,,,,,210,,1
QT_TUR_BAS_DISC_EST_SOCIAIS_SOCI,,,,,,,,,,210,1
QT_MAT_EJA_D,,,,,,,,,211,,1
QT_TUR_BAS_DISC_INFO_COMPUTACAO,,,,,,,,,,211,1
QT_MAT_EJA_DM,,,,,,,,,212,,1
QT_TUR_BAS_DISC_ENSINO_RELIGIOSO,,,,,,,,,,212,1
QT_MAT_EJA_DV,,,,,,,,,213,,1
QT_TUR_BAS_DISC_PROFISSIONA,,,,,,,,,,213,1
QT_MAT_EJA_N,,,,,,,,,214,,1
QT_TUR_BAS_DISC_ESTAGIO_SUPER,,,,,,,,,,214,1
QT_MAT_EJA_EAD,,,,,,,,,215,,1
QT_TUR_BAS_DISC_PEDAGOGICAS,,,,,,,,,,215,1
QT_MAT_EJA_FUND_D,,,,,,,,,216,,1
QT_TUR_BAS_DISC_PROJETO_DE_VIDA,,,,,,,,,,216,1
QT_MAT_EJA_FUND_DM,,,,,,,,,217,,1
QT_TUR_BAS_DISC_OUTRAS,,,,,,,,,,217,1
QT_MAT_EJA_FUND_DV,,,,,,,,,218,,1
QT_TUR_BAS_LIBRAS,,,,,,,,,,218,1
QT_MAT_EJA_FUND_N,,,,,,,,,219,,1
QT_MAT_EJA_FUND_EAD,,,,,,,,,220,,1
QT_MAT_EJA_MED_D,,,,,,,,,221,,1
QT_MAT_EJA_MED_DM,,,,,,,,,222,,1
QT_MAT_EJA_MED_DV,,,,,,,,,223,,1
QT_MAT_EJA_MED_N,,,,,,,,,224,,1
QT_MAT_EJA_MED_EAD,,,,,,,,,225,,1
QT_MAT_ESP_D,,,,,,,,,226,,1
QT_MAT_ESP_DM,,,,,,,,,227,,1
QT_MAT_ESP_DV,,,,,,,,,228,,1
QT_MAT_ESP_N,,,,,,,,,229,,1
QT_MAT_ESP_EAD,,,,,,,,,230,,1
QT_MAT_ESP_CC_D,,,,,,,,,231,,1
QT_MAT_ESP_CC_DM,,,,,,,,,232,,1
QT_MAT_ESP_CC_DV,,,,,,,,,233,,1
QT_MAT_ESP_CC_N,,,,,,,,,234,,1
QT_MAT_ESP_CC_EAD,,,,,,,,,235,,1
QT_MAT_ESP_CE_D,,,,,,,,,236,,1
QT_MAT_ESP_CE_DM,,,,,,,,,237,,1
QT_MAT_ESP_CE_DV,,,,,,,,,238,,1
QT_MAT_ESP_CE_N,,,,,,,,,239,,1
QT_MAT_ESP_CE_EAD,,,,,,,,,240,,1
QT_MAT_BAS_INT,,,,,,,,,241,,1
QT_MAT_PROF_INT,,,,,,,,,249,,1
QT_MAT_PROF_TEC_INT,,,,,,,,,250,,1
QT_MAT_EJA_INT,,,,,,,,,251,,1
QT_MAT_EJA_FUND_INT,,,,,,,,,252,,1
QT_MAT_EJA_MED_INT,,,,,,,,,253,,1
QT_MAT_ESP_INT,,,,,,,,,254,,1
QT_MAT_ESP_CC_INT,,,,,,,,,255,,1
QT_MAT_ESP_CE_INT,,,,,,,,,256,,1
QT_MAT_BAS_LIBRAS,,,,,,,,,257,,1
