tipo,ano,nivel,arquivo,tamanho_mb,md5_confere,zip_original
ATU,2019,brasil_regioes_ufs,dados/interim/brutos_inep_extraido/ATU/2019/ATU_BRASIL_REGIOES_UFS_2019.xlsx,0.2,True,ATU_2019_BRASIL_REGIOES_UFS.zip
ATU,2020,brasil_regioes_ufs,dados/interim/brutos_inep_extraido/ATU/2020/ATU_BRASIL_REGIOES_UFS_2020.xlsx,0.1,True,ATU_2020_BRASIL_REGIOES_UFS.zip
ATU,2021,brasil_regioes_ufs,dados/interim/brutos_inep_extraido/ATU/2021/ATU_BRASIL_REGIOES_UFS_2021.xlsx,0.1,True,ATU_2021_BRASIL_REGIOES_UFS.zip
ATU,2022,brasil_regioes_ufs,dados/interim/brutos_inep_extraido/ATU/2022/ATU_BRASIL_REGIOES_UFS_2022.xlsx,0.1,False,ATU_2022_BRASIL_REGIOES_UFS.zip
ATU,2023,brasil_regioes_ufs,dados/interim/brutos_inep_extraido/ATU/2023/ATU_BRASIL_REGIOES_UFS_2023.xlsx,0.1,True,ATU_2023_BRASIL_REGIOES_UFS.zip
ATU,2024,brasil_regioes_ufs,dados/interim/brutos_inep_extraido/ATU/2024/ATU_BRASIL_REGIOES_UFS_2024.xlsx,0.1,True,ATU_2024_BRASIL_REGIOES_UFS.zip
ATU,2025,brasil_regioes_ufs,dados/interim/brutos_inep_extraido/ATU/2025/ATU_BRASIL_REGIOES_UFS_2025.xlsx,0.1,True,ATU_2025_BRASIL_REGIOES_UFS.zip
ATU,2019,escolas,dados/interim/brutos_inep_extraido/ATU/2019/ATU_ESCOLAS_2019.xlsx,41.1,True,ATU_2019_ESCOLAS.zip
ATU,2020,escolas,dados/interim/brutos_inep_extraido/ATU/2020/ATU_ESCOLAS_2020.xlsx,28.6,True,ATU_2020_ESCOLAS.zip
ATU,2021,escolas,dados/interim/brutos_inep_extraido/ATU/2021/ATU_ESCOLAS_2021.xlsx,28.4,True,ATU_2021_ESCOLAS.zip
ATU,2022,escolas,dados/interim/brutos_inep_extraido/ATU/2022/ATU_ESCOLAS_2022.xlsx,28.5,False,ATU_2022_ESCOLAS.zip
ATU,2023,escolas,dados/interim/brutos_inep_extraido/ATU/2023/ATU_ESCOLAS_2023.xlsx,28.2,True,ATU_2023_ESCOLAS.zip
ATU,2024,escolas,dados/interim/brutos_inep_extraido/ATU/2024/ATU_ESCOLAS_2024.xlsx,28.3,True,ATU_2024_ESCOLAS.zip
ATU,2025,escolas,dados/interim/brutos_inep_extraido/ATU/2025/ATU_ESCOLAS_2025.xlsx,28.2,True,ATU_2025_ESCOLAS.zip
ATU,2019,municipios,dados/interim/brutos_inep_extraido/ATU/2019/ATU_MUNICIPIOS_2019.xlsx,14.9,True,ATU_2019_MUNICIPIOS.zip
ATU,2020,municipios,dados/interim/brutos_inep_extraido/ATU/2020/ATU_MUNICIPIOS_2020.xlsx,10.7,True,ATU_2020_MUNICIPIOS.zip
ATU,2021,municipios,dados/interim/brutos_inep_extraido/ATU/2021/ATU_MUNICIPIOS_2021.xlsx,9.9,True,ATU_2021_MUNICIPIOS.zip
ATU,2022,municipios,dados/interim/brutos_inep_extraido/ATU/2022/ATU_MUNICIPIOS_2022.xlsx,9.9,False,ATU_2022_MUNICIPIOS.zip
ATU,2023,municipios,dados/interim/brutos_inep_extraido/ATU/2023/ATU_MUNICIPIOS_2023.xlsx,9.8,True,ATU_2023_MUNICIPIOS.zip
ATU,2024,municipios,dados/interim/brutos_inep_extraido/ATU/2024/ATU_MUNICIPIOS_2024.xlsx,9.8,True,ATU_2024_MUNICIPIOS.zip
HAD,2025,brasil_regioes_ufs,dados/interim/brutos_inep_extraido/HAD/2025/HAD_BRASIL_REGIOES_UFS_2025.xlsx,0.1,True,HAD_2025_BRASIL_REGIOES_UFS.zip
HAD,2025,escolas,dados/interim/brutos_inep_extraido/HAD/2025/HAD_ESCOLAS_2025.xlsx,25.4,True,HAD_2025_ESCOLAS.zip
HAD,2025,municipios,dados/interim/brutos_inep_extraido/HAD/2025/HAD_MUNICIPIOS_2025.xlsx,8.8,True,HAD_2025_MUNICIPIOS.zip
IED,2019,brasil_regioes_ufs,dados/interim/brutos_inep_extraido/IED/2019/IED_BRASIL_REGIOES_UFS_2019.xlsx,0.1,True,IED_2019_BRASIL_REGIOES_UFS.zip
IED,2020,brasil_regioes_ufs,dados/interim/brutos_inep_extraido/IED/2020/IED_BRASIL_REGIOES_UFS_2020.xlsx,0.1,True,IED_2020_BRASIL_REGIOES_UFS.zip
IED,2021,brasil_regioes_ufs,dados/interim/brutos_inep_extraido/IED/2021/IED_BRASIL_REGIOES_UFS_2021.xlsx,0.1,True,IED_2021_BRASIL_REGIOES_UFS.zip
IED,2022,brasil_regioes_ufs,dados/interim/brutos_inep_extraido/IED/2022/IED_BRASIL_REGIOES_UFS_2022.xlsx,0.1,True,IED_2022_BRASIL_REGIOES_UFS.zip
IED,2023,brasil_regioes_ufs,dados/interim/brutos_inep_extraido/IED/2023/IED_BRASIL_REGIOES_UFS_2023.xlsx,0.1,True,IED_2023_BRASIL_REGIOES_UFS.zip
IED,2024,brasil_regioes_ufs,dados/interim/brutos_inep_extraido/IED/2024/IED_BRASIL_REGIOES_UFS_2024.xlsx,0.1,True,IED_2024_BRASIL_REGIOES_UFS.zip
IED,2025,brasil_regioes_ufs,dados/interim/brutos_inep_extraido/IED/2025/IED_BRASIL_REGIOES_UFS_2025.xlsx,0.1,True,IED_2025_BRASIL_REGIOES_UFS.zip
IED,2021,escolas,dados/interim/brutos_inep_extraido/IED/2021/IED_ESCOLAS_2021.xlsx,22.2,True,IED_2021_ESCOLAS.zip
IED,2022,escolas,dados/interim/brutos_inep_extraido/IED/2022/IED_ESCOLAS_2022.xlsx,22.1,True,IED_2022_ESCOLAS.zip
IED,2023,escolas,dados/interim/brutos_inep_extraido/IED/2023/IED_ESCOLAS_2023.xlsx,22.0,True,IED_2023_ESCOLAS.zip
IED,2024,escolas,dados/interim/brutos_inep_extraido/IED/2024/IED_ESCOLAS_2024.xlsx,21.9,True,IED_2024_ESCOLAS.zip
IED,2025,escolas,dados/interim/brutos_inep_extraido/IED/2025/IED_ESCOLAS_2025.xlsx,21.7,True,IED_2025_ESCOLAS.zip
IED,2020,municipios,dados/interim/brutos_inep_extraido/IED/2020/IED_MUNICIPIOS_2020.xlsx,10.7,True,IED_2020_MUNICIPIOS.zip
IED,2021,municipios,dados/interim/brutos_inep_extraido/IED/2021/IED_MUNICIPIOS_2021.xlsx,10.2,True,IED_2021_MUNICIPIOS.zip
IED,2022,municipios,dados/interim/brutos_inep_extraido/IED/2022/IED_MUNICIPIOS_2022.xlsx,10.2,True,IED_2022_MUNICIPIOS.zip
IED,2023,municipios,dados/interim/brutos_inep_extraido/IED/2023/IED_MUNICIPIOS_2023.xlsx,10.2,True,IED_2023_MUNICIPIOS.zip
IED,2024,municipios,dados/interim/brutos_inep_extraido/IED/2024/IED_MUNICIPIOS_2024.xlsx,10.2,True,IED_2024_MUNICIPIOS.zip
IED,2025,municipios,dados/interim/brutos_inep_extraido/IED/2025/IED_MUNICIPIOS_2025.xlsx,10.2,True,IED_2025_MUNICIPIOS.zip
TDI,2019,brasil_regioes_ufs,dados/interim/brutos_inep_extraido/TDI/2019/TDI_BRASIL_REGIOES_UFS_2019.xlsx,0.1,True,TDI_2019_BRASIL_REGIOES_UFS.zip
TDI,2020,brasil_regioes_ufs,dados/interim/brutos_inep_extraido/TDI/2020/TDI_BRASIL_REGIOES_UFS_2020.xlsx,0.1,True,TDI_2020_BRASIL_REGIOES_UFS.zip
TDI,2021,brasil_regioes_ufs,dados/interim/brutos_inep_extraido/TDI/2021/TDI_BRASIL_REGIOES_UFS_2021.xlsx,0.1,True,TDI_2021_BRASIL_REGIOES_UFS.zip
TDI,2022,brasil_regioes_ufs,dados/interim/brutos_inep_extraido/TDI/2022/TDI_BRASIL_REGIOES_UFS_2022.xlsx,0.1,True,TDI_2022_BRASIL_REGIOES_UFS.zip
TDI,2023,brasil_regioes_ufs,dados/interim/brutos_inep_extraido/TDI/2023/TDI_BRASIL_REGIOES_UFS_2023.xlsx,0.1,True,TDI_2023_BRASIL_REGIOES_UFS.zip
TDI,2024,brasil_regioes_ufs,dados/interim/brutos_inep_extraido/TDI/2024/TDI_BRASIL_REGIOES_UFS_2024.xlsx,0.1,True,TDI_2024_BRASIL_REGIOES_UFS.zip
TDI,2025,brasil_regioes_ufs,dados/interim/brutos_inep_extraido/TDI/2025/TDI_BRASIL_REGIOES_UFS_2025.xlsx,0.1,True,TDI_2025_BRASIL_REGIOES_UFS.zip
TDI,2019,escolas,dados/interim/brutos_inep_extraido/TDI/2019/TDI_ESCOLAS_2019.xlsx,19.6,True,TDI_2019_ESCOLAS.zip
TDI,2020,escolas,dados/interim/brutos_inep_extraido/TDI/2020/TDI_ESCOLAS_2020.xlsx,19.4,True,TDI_2020_ESCOLAS.zip
TDI,2021,escolas,dados/interim/brutos_inep_extraido/TDI/2021/TDI_ESCOLAS_2021.xlsx,19.2,True,TDI_2021_ESCOLAS.zip
TDI,2022,escolas,dados/interim/brutos_inep_extraido/TDI/2022/TDI_ESCOLAS_2022.xlsx,18.9,True,TDI_2022_ESCOLAS.zip
TDI,2023,escolas,dados/interim/brutos_inep_extraido/TDI/2023/TDI_ESCOLAS_2023.xlsx,18.8,True,TDI_2023_ESCOLAS.zip
TDI,2024,escolas,dados/interim/brutos_inep_extraido/TDI/2024/TDI_ESCOLAS_2024.xlsx,18.7,True,TDI_2024_ESCOLAS.zip
TDI,2025,escolas,dados/interim/brutos_inep_extraido/TDI/2025/TDI_ESCOLAS_2025.xlsx,18.5,True,TDI_2025_ESCOLAS.zip
TDI,2019,municipios,dados/interim/brutos_inep_extraido/TDI/2019/TDI_MUNICIPIOS_2019.xlsx,8.2,True,TDI_2019_MUNICIPIOS.zip
TDI,2020,municipios,dados/interim/brutos_inep_extraido/TDI/2020/TDI_MUNICIPIOS_2020.xlsx,8.7,True,TDI_2020_MUNICIPIOS.zip
TDI,2021,municipios,dados/interim/brutos_inep_extraido/TDI/2021/TDI_MUNICIPIOS_2021.xlsx,8.1,False,TDI_2021_MUNICIPIOS.zip
TDI,2022,municipios,dados/interim/brutos_inep_extraido/TDI/2022/TDI_MUNICIPIOS_2022.xlsx,8.1,True,TDI_2022_MUNICIPIOS.zip
TDI,2023,municipios,dados/interim/brutos_inep_extraido/TDI/2023/TDI_MUNICIPIOS_2023.xlsx,8.1,True,TDI_2023_MUNICIPIOS.zip
TDI,2024,municipios,dados/interim/brutos_inep_extraido/TDI/2024/TDI_MUNICIPIOS_2024.xlsx,8.0,True,TDI_2024_MUNICIPIOS.zip
TDI,2025,municipios,dados/interim/brutos_inep_extraido/TDI/2025/TDI_MUNICIPIOS_2025.xlsx,8.0,True,TDI_2025_MUNICIPIOS.zip
tx_rend,2019,brasil_regioes_ufs,dados/interim/brutos_inep_extraido/tx_rend/2019/tx_rend_brasil_regioes_ufs_2019.xlsx,0.2,True,tx_rend_brasil_regioes_ufs_2019.zip
tx_rend,2020,brasil_regioes_ufs,dados/interim/brutos_inep_extraido/tx_rend/2020/tx_rend_brasil_regioes_ufs_2020.xlsx,0.2,True,tx_rend_brasil_regioes_ufs_2020.zip
tx_rend,2021,brasil_regioes_ufs,dados/interim/brutos_inep_extraido/tx_rend/2021/tx_rend_brasil_regioes_ufs_2021.xlsx,0.2,True,tx_rend_brasil_regioes_ufs_2021.zip
tx_rend,2022,brasil_regioes_ufs,dados/interim/brutos_inep_extraido/tx_rend/2022/tx_rend_brasil_regioes_ufs_2022.xlsx,0.2,True,tx_rend_brasil_regioes_ufs_2022.zip
tx_rend,2023,brasil_regioes_ufs,dados/interim/brutos_inep_extraido/tx_rend/2023/tx_rend_brasil_regioes_ufs_2023.xlsx,0.2,True,tx_rend_brasil_regioes_ufs_2023.zip
tx_rend,2024,brasil_regioes_ufs,dados/interim/brutos_inep_extraido/tx_rend/2024/tx_rend_brasil_regioes_ufs_2024.xlsx,0.2,True,tx_rend_brasil_regioes_ufs_2024.zip
tx_rend,2019,escolas,dados/interim/brutos_inep_extraido/tx_rend/2019/tx_rend_escolas_2019.xlsx,42.1,True,tx_rend_escolas_2019.zip
tx_rend,2020,escolas,dados/interim/brutos_inep_extraido/tx_rend/2020/tx_rend_escolas_2020.xlsx,38.6,True,tx_rend_escolas_2020.zip
tx_rend,2021,escolas,dados/interim/brutos_inep_extraido/tx_rend/2021/tx_rend_escolas_2021.xlsx,39.6,True,tx_rend_escolas_2021.zip
tx_rend,2022,escolas,dados/interim/brutos_inep_extraido/tx_rend/2022/tx_rend_escolas_2022.xlsx,40.0,True,tx_rend_escolas_2022.zip
tx_rend,2023,escolas,dados/interim/brutos_inep_extraido/tx_rend/2023/tx_rend_escolas_2023.xlsx,39.0,True,tx_rend_escolas_2023.zip
tx_rend,2024,escolas,dados/interim/brutos_inep_extraido/tx_rend/2024/tx_rend_escolas_2024.xlsx,38.9,True,tx_rend_escolas_2024.zip
tx_rend,2025,escolas,dados/interim/brutos_inep_extraido/tx_rend/2025/tx_rend_escolas_2025.xlsx,37.7,True,tx_rend_escolas_2025.zip
tx_rend,2019,municipios,dados/interim/brutos_inep_extraido/tx_rend/2019/tx_rend_municipios_2019.xlsx,19.7,True,tx_rend_municipios_2019.zip
tx_rend,2020,municipios,dados/interim/brutos_inep_extraido/tx_rend/2020/tx_rend_municipios_2020.xlsx,18.0,,tx_rend_municipios_2020.zip
tx_rend,2021,municipios,dados/interim/brutos_inep_extraido/tx_rend/2021/tx_rend_municipios_2021.xlsx,18.7,True,tx_rend_municipios_2021.zip
tx_rend,2022,municipios,dados/interim/brutos_inep_extraido/tx_rend/2022/tx_rend_municipios_2022.xlsx,19.1,True,tx_rend_municipios_2022.zip
tx_rend,2023,municipios,dados/interim/brutos_inep_extraido/tx_rend/2023/tx_rend_municipios_2023.xlsx,18.7,True,tx_rend_municipios_2023.zip
tx_rend,2024,municipios,dados/interim/brutos_inep_extraido/tx_rend/2024/tx_rend_municipios_2024.xlsx,18.7,True,tx_rend_municipios_2024.zip
tx_rend,2025,municipios,dados/interim/brutos_inep_extraido/tx_rend/2025/tx_rend_municipios_2025.xlsx,18.2,True,tx_rend_municipios_2025.zip
