arquivo,url,pagina,atualizado_em,capturado_em
ATU_2019_BRASIL_REGIOES_UFS.zip,https://download.inep.gov.br/informacoes_estatisticas/indicadores_educacionais/2019/ATU_2019_BRASIL_REGIOES_UFS.zip,https://www.gov.br/inep/pt-br/acesso-a-informacao/dados-abertos/indicadores-educacionais/media-de-alunos-por-turma/2019,14/12/2020 09h13,2026-09-30
ATU_2019_ESCOLAS.zip,https://download.inep.gov.br/informacoes_estatisticas/indicadores_educacionais/2019/ATU_2019_ESCOLAS.zip,https://www.gov.br/inep/pt-br/acesso-a-informacao/dados-abertos/indicadores-educacionais/media-de-alunos-por-turma/2019,14/12/2020 09h13,2026-09-30
ATU_2019_MUNICIPIOS.zip,https://download.inep.gov.br/informacoes_estatisticas/indicadores_educacionais/2019/ATU_2019_MUNICIPIOS.zip,https://www.gov.br/inep/pt-br/acesso-a-informacao/dados-abertos/indicadores-educacionais/media-de-alunos-por-turma/2019,14/12/2020 09h13,2026-09-30
ATU_2020_BRASIL_REGIOES_UFS.zip,https://download.inep.gov.br/informacoes_estatisticas/indicadores_educacionais/2020/ATU_2020_BRASIL_REGIOES_UFS.zip,https://www.gov.br/inep/pt-br/acesso-a-informacao/dados-abertos/indicadores-educacionais/media-de-alunos-por-turma/2020,29/01/2021 09h32,2026-09-30
ATU_2020_ESCOLAS.zip,https://download.inep.gov.br/informacoes_estatisticas/indicadores_educacionais/2020/ATU_2020_ESCOLAS.zip,https://www.gov.br/inep/pt-br/acesso-a-informacao/dados-abertos/indicadores-educacionais/media-de-alunos-por-turma/2020,29/01/2021 09h32,2026-09-30
ATU_2020_MUNICIPIOS.zip,https://download.inep.gov.br/informacoes_estatisticas/indicadores_educacionais/2020/ATU_2020_MUNICIPIOS.zip,https://www.gov.br/inep/pt-br/acesso-a-informacao/dados-abertos/indicadores-educacionais/media-de-alunos-por-turma/2020,29/01/2021 09h32,2026-09-30
ATU_2021_BRASIL_REGIOES_UFS.zip,https://download.inep.gov.br/informacoes_estatisticas/indicadores_educacionais/2021/ATU_2021_BRASIL_REGIOES_UFS.zip,https://www.gov.br/inep/pt-br/acesso-a-informacao/dados-abertos/indicadores-educacionais/media-de-alunos-por-turma/2021,,2026-09-30
ATU_2021_ESCOLAS.zip,https://download.inep.gov.br/informacoes_estatisticas/indicadores_educacionais/2021/ATU_2021_ESCOLAS.zip,https://www.gov.br/inep/pt-br/acesso-a-informacao/dados-abertos/indicadores-educacionais/media-de-alunos-por-turma/2021,,2026-09-30
ATU_2021_MUNICIPIOS.zip,https://download.inep.gov.br/informacoes_estatisticas/indicadores_educacionais/2021/ATU_2021_MUNICIPIOS.zip,https://www.gov.br/inep/pt-br/acesso-a-informacao/dados-abertos/indicadores-educacionais/media-de-alunos-por-turma/2021,,2026-09-30
ATU_2022_BRASIL_REGIOES_UFS.zip,https://download.inep.gov.br/informacoes_estatisticas/indicadores_educacionais/2022/ATU_2022_BRASIL_REGIOES_UFS.zip,https://www.gov.br/inep/pt-br/acesso-a-informacao/dados-abertos/indicadores-educacionais/media-de-alunos-por-turma/2022,,2026-09-30
ATU_2022_ESCOLAS.zip,https://download.inep.gov.br/informacoes_estatisticas/indicadores_educacionais/2022/ATU_2022_ESCOLAS.zip,https://www.gov.br/inep/pt-br/acesso-a-informacao/dados-abertos/indicadores-educacionais/media-de-alunos-por-turma/2022,,2026-09-30
ATU_2022_MUNICIPIOS.zip,https://download.inep.gov.br/informacoes_estatisticas/indicadores_educacionais/2022/ATU_2022_MUNICIPIOS.zip,https://www.gov.br/inep/pt-br/acesso-a-informacao/dados-abertos/indicadores-educacionais/media-de-alunos-por-turma/2022,,2026-09-30
ATU_2023_BRASIL_REGIOES_UFS.zip,https://download.inep.gov.br/informacoes_estatisticas/indicadores_educacionais/2023/ATU_2023_BRASIL_REGIOES_UFS.zip,https://www.gov.br/inep/pt-br/acesso-a-informacao/dados-abertos/indicadores-educacionais/media-de-alunos-por-turma/2023,,2026-09-30
ATU_2023_ESCOLAS.zip,https://download.inep.gov.br/informacoes_estatisticas/indicadores_educacionais/2023/ATU_2023_ESCOLAS.zip,https://www.gov.br/inep/pt-br/acesso-a-informacao/dados-abertos/indicadores-educacionais/media-de-alunos-por-turma/2023,,2026-09-30
ATU_2023_MUNICIPIOS.zip,https://download.inep.gov.br/informacoes_estatisticas/indicadores_educacionais/2023/ATU_2023_MUNICIPIOS.zip,https://www.gov.br/inep/pt-br/acesso-a-informacao/dados-abertos/indicadores-educacionais/media-de-alunos-por-turma/2023,,2026-09-30
ATU_2024_BRASIL_REGIOES_UFS.zip,https://download.inep.gov.br/informacoes_estatisticas/indicadores_educacionais/2024/ATU_2024_BRASIL_REGIOES_UFS.zip,https://www.gov.br/inep/pt-br/acesso-a-informacao/dados-abertos/indicadores-educacionais/media-de-alunos-por-turma/2024,,2026-09-30
ATU_2024_ESCOLAS.zip,https://download.inep.gov.br/informacoes_estatisticas/indicadores_educacionais/2024/ATU_2024_ESCOLAS.zip,https://www.gov.br/inep/pt-br/acesso-a-informacao/dados-abertos/indicadores-educacionais/media-de-alunos-por-turma/2024,,2026-09-30
ATU_2024_MUNICIPIOS.zip,https://download.inep.gov.br/informacoes_estatisticas/indicadores_educacionais/2024/ATU_2024_MUNICIPIOS.zip,https://www.gov.br/inep/pt-br/acesso-a-informacao/dados-abertos/indicadores-educacionais/media-de-alunos-por-turma/2024,,2026-09-30
ATU_2025_BRASIL_REGIOES_UFS.zip,https://download.inep.gov.br/informacoes_estatisticas/indicadores_educacionais/2025/ATU_2025_BRASIL_REGIOES_UFS.zip,https://www.gov.br/inep/pt-br/acesso-a-informacao/dados-abertos/indicadores-educacionais/media-de-alunos-por-turma/2025,,2026-09-30
ATU_2025_ESCOLAS.zip,https://download.inep.gov.br/informacoes_estatisticas/indicadores_educacionais/2025/ATU_2025_ESCOLAS.zip,https://www.gov.br/inep/pt-br/acesso-a-informacao/dados-abertos/indicadores-educacionais/media-de-alunos-por-turma/2025,,2026-09-30
HAD_2019_BRASIL_REGIOES_UFS.zip,https://download.inep.gov.br/informacoes_estatisticas/indicadores_educacionais/2019/HAD_2019_BRASIL_REGIOES_UFS.zip,https://www.gov.br/inep/pt-br/acesso-a-informacao/dados-abertos/indicadores-educacionais/media-de-horas-aula-diaria/2019,14/12/2020 09h37,2026-09-30
HAD_2019_ESCOLAS.zip,https://download.inep.gov.br/informacoes_estatisticas/indicadores_educacionais/2019/HAD_2019_ESCOLAS.zip,https://www.gov.br/inep/pt-br/acesso-a-informacao/dados-abertos/indicadores-educacionais/media-de-horas-aula-diaria/2019,14/12/2020 09h37,2026-09-30
HAD_2019_MUNICIPIOS.zip,https://download.inep.gov.br/informacoes_estatisticas/indicadores_educacionais/2019/HAD_2019_MUNICIPIOS.zip,https://www.gov.br/inep/pt-br/acesso-a-informacao/dados-abertos/indicadores-educacionais/media-de-horas-aula-diaria/2019,14/12/2020 09h37,2026-09-30
HAD_2020_BRASIL_REGIOES_UFS.zip,https://download.inep.gov.br/informacoes_estatisticas/indicadores_educacionais/2020/HAD_2020_BRASIL_REGIOES_UFS.zip,https://www.gov.br/inep/pt-br/acesso-a-informacao/dados-abertos/indicadores-educacionais/media-de-horas-aula-diaria/2020,29/01/2021 09h32,2026-09-30
HAD_2020_ESCOLAS.zip,https://download.inep.gov.br/informacoes_estatisticas/indicadores_educacionais/2020/HAD_2020_ESCOLAS.zip,https://www.gov.br/inep/pt-br/acesso-a-informacao/dados-abertos/indicadores-educacionais/media-de-horas-aula-diaria/2020,29/01/2021 09h32,2026-09-30
HAD_2020_MUNICIPIOS.zip,https://download.inep.gov.br/informacoes_estatisticas/indicadores_educacionais/2020/HAD_2020_MUNICIPIOS.zip,https://www.gov.br/inep/pt-br/acesso-a-informacao/dados-abertos/indicadores-educacionais/media-de-horas-aula-diaria/2020,29/01/2021 09h32,2026-09-30
HAD_2021_BRASIL_REGIOES_UFS.zip,https://download.inep.gov.br/informacoes_estatisticas/indicadores_educacionais/2021/HAD_2021_BRASIL_REGIOES_UFS.zip,https://www.gov.br/inep/pt-br/acesso-a-informacao/dados-abertos/indicadores-educacionais/media-de-horas-aula-diaria/2021,,2026-09-30
HAD_2021_ESCOLAS.zip,https://download.inep.gov.br/informacoes_estatisticas/indicadores_educacionais/2021/HAD_2021_ESCOLAS.zip,https://www.gov.br/inep/pt-br/acesso-a-informacao/dados-abertos/indicadores-educacionais/media-de-horas-aula-diaria/2021,,2026-09-30
HAD_2021_MUNICIPIOS.zip,https://download.inep.gov.br/informacoes_estatisticas/indicadores_educacionais/2021/HAD_2021_MUNICIPIOS.zip,https://www.gov.br/inep/pt-br/acesso-a-informacao/dados-abertos/indicadores-educacionais/media-de-horas-aula-diaria/2021,,2026-09-30
HAD_2022_BRASIL_REGIOES_UFS.zip,https://download.inep.gov.br/informacoes_estatisticas/indicadores_educacionais/2022/HAD_2022_BRASIL_REGIOES_UFS.zip,https://www.gov.br/inep/pt-br/acesso-a-informacao/dados-abertos/indicadores-educacionais/media-de-horas-aula-diaria/2022,,2026-09-30
HAD_2022_ESCOLAS.zip,https://download.inep.gov.br/informacoes_estatisticas/indicadores_educacionais/2022/HAD_2022_ESCOLAS.zip,https://www.gov.br/inep/pt-br/acesso-a-informacao/dados-abertos/indicadores-educacionais/media-de-horas-aula-diaria/2022,,2026-09-30
HAD_2022_MUNICIPIOS.zip,https://download.inep.gov.br/informacoes_estatisticas/indicadores_educacionais/2022/HAD_2022_MUNICIPIOS.zip,https://www.gov.br/inep/pt-br/acesso-a-informacao/dados-abertos/indicadores-educacionais/media-de-horas-aula-diaria/2022,,2026-09-30
HAD_2023_BRASIL_REGIOES_UFS.zip,https://download.inep.gov.br/informacoes_estatisticas/indicadores_educacionais/2023/HAD_2023_BRASIL_REGIOES_UFS.zip,https://www.gov.br/inep/pt-br/acesso-a-informacao/dados-abertos/indicadores-educacionais/media-de-horas-aula-diaria/2023,22/02/2024 13h23,2026-09-30
HAD_2023_ESCOLAS.zip,https://download.inep.gov.br/informacoes_estatisticas/indicadores_educacionais/2023/HAD_2023_ESCOLAS.zip,https://www.gov.br/inep/pt-br/acesso-a-informacao/dados-abertos/indicadores-educacionais/media-de-horas-aula-diaria/2023,22/02/2024 13h23,2026-09-30
HAD_2023_MUNICIPIOS.zip,https://download.inep.gov.br/informacoes_estatisticas/indicadores_educacionais/2023/HAD_2023_MUNICIPIOS.zip,https://www.gov.br/inep/pt-br/acesso-a-informacao/dados-abertos/indicadores-educacionais/media-de-horas-aula-diaria/2023,22/02/2024 13h23,2026-09-30
HAD_2024_BRASIL_REGIOES_UFS.zip,https://download.inep.gov.br/informacoes_estatisticas/indicadores_educacionais/2024/HAD_2024_BRASIL_REGIOES_UFS.zip,https://www.gov.br/inep/pt-br/acesso-a-informacao/dados-abertos/indicadores-educacionais/media-de-horas-aula-diaria/2024,,2026-09-30
HAD_2024_ESCOLAS.zip,https://download.inep.gov.br/informacoes_estatisticas/indicadores_educacionais/2024/HAD_2024_ESCOLAS.zip,https://www.gov.br/inep/pt-br/acesso-a-informacao/dados-abertos/indicadores-educacionais/media-de-horas-aula-diaria/2024,,2026-09-30
HAD_2024_MUNICIPIOS.zip,https://download.inep.gov.br/informacoes_estatisticas/indicadores_educacionais/2024/HAD_2024_MUNICIPIOS.zip,https://www.gov.br/inep/pt-br/acesso-a-informacao/dados-abertos/indicadores-educacionais/media-de-horas-aula-diaria/2024,,2026-09-30
HAD_2025_BRASIL_REGIOES_UFS.zip,https://download.inep.gov.br/informacoes_estatisticas/indicadores_educacionais/2025/HAD_2025_BRASIL_REGIOES_UFS.zip,https://www.gov.br/inep/pt-br/acesso-a-informacao/dados-abertos/indicadores-educacionais/media-de-horas-aula-diaria/2025,,2026-09-30
HAD_2025_ESCOLAS.zip,https://download.inep.gov.br/informacoes_estatisticas/indicadores_educacionais/2025/HAD_2025_ESCOLAS.zip,https://www.gov.br/inep/pt-br/acesso-a-informacao/dados-abertos/indicadores-educacionais/media-de-horas-aula-diaria/2025,,2026-09-30
HAD_2025_MUNICIPIOS.zip,https://download.inep.gov.br/informacoes_estatisticas/indicadores_educacionais/2025/HAD_2025_MUNICIPIOS.zip,https://www.gov.br/inep/pt-br/acesso-a-informacao/dados-abertos/indicadores-educacionais/media-de-horas-aula-diaria/2025,,2026-09-30
IED_2019_BRASIL_REGIOES_UFS.zip,https://download.inep.gov.br/informacoes_estatisticas/indicadores_educacionais/2019/IED_2019_BRASIL_REGIOES_UFS.zip,https://www.gov.br/inep/pt-br/acesso-a-informacao/dados-abertos/indicadores-educacionais/esforco-docente/2019,14/12/2020 08h45,2026-09-30
IED_2019_ESCOLAS.zip,https://download.inep.gov.br/informacoes_estatisticas/indicadores_educacionais/2019/IED_2019_ESCOLAS.zip,https://www.gov.br/inep/pt-br/acesso-a-informacao/dados-abertos/indicadores-educacionais/esforco-docente/2019,14/12/2020 08h45,2026-09-30
IED_2019_MUNICIPIOS.zip,https://download.inep.gov.br/informacoes_estatisticas/indicadores_educacionais/2019/IED_2019_MUNICIPIOS.zip,https://www.gov.br/inep/pt-br/acesso-a-informacao/dados-abertos/indicadores-educacionais/esforco-docente/2019,14/12/2020 08h45,2026-09-30
IED_2020_BRASIL_REGIOES_UFS.zip,https://download.inep.gov.br/informacoes_estatisticas/indicadores_educacionais/2020/IED_2020_BRASIL_REGIOES_UFS.zip,https://www.gov.br/inep/pt-br/acesso-a-informacao/dados-abertos/indicadores-educacionais/esforco-docente/2020,29/01/2021 09h31,2026-09-30
IED_2020_ESCOLAS.zip,https://download.inep.gov.br/informacoes_estatisticas/indicadores_educacionais/2020/IED_2020_ESCOLAS.zip,https://www.gov.br/inep/pt-br/acesso-a-informacao/dados-abertos/indicadores-educacionais/esforco-docente/2020,29/01/2021 09h31,2026-09-30
IED_2020_MUNICIPIOS.zip,https://download.inep.gov.br/informacoes_estatisticas/indicadores_educacionais/2020/IED_2020_MUNICIPIOS.zip,https://www.gov.br/inep/pt-br/acesso-a-informacao/dados-abertos/indicadores-educacionais/esforco-docente/2020,29/01/2021 09h31,2026-09-30
IED_2021_BRASIL_REGIOES_UFS.zip,https://download.inep.gov.br/informacoes_estatisticas/indicadores_educacionais/2021/IED_2021_BRASIL_REGIOES_UFS.zip,https://www.gov.br/inep/pt-br/acesso-a-informacao/dados-abertos/indicadores-educacionais/esforco-docente/2021,,2026-09-30
IED_2021_ESCOLAS.zip,https://download.inep.gov.br/informacoes_estatisticas/indicadores_educacionais/2021/IED_2021_ESCOLAS.zip,https://www.gov.br/inep/pt-br/acesso-a-informacao/dados-abertos/indicadores-educacionais/esforco-docente/2021,,2026-09-30
IED_2021_MUNICIPIOS.zip,https://download.inep.gov.br/informacoes_estatisticas/indicadores_educacionais/2021/IED_2021_MUNICIPIOS.zip,https://www.gov.br/inep/pt-br/acesso-a-informacao/dados-abertos/indicadores-educacionais/esforco-docente/2021,,2026-09-30
IED_2022_BRASIL_REGIOES_UFS.zip,https://download.inep.gov.br/informacoes_estatisticas/indicadores_educacionais/2022/IED_2022_BRASIL_REGIOES_UFS.zip,https://www.gov.br/inep/pt-br/acesso-a-informacao/dados-abertos/indicadores-educacionais/esforco-docente/2022,,2026-09-30
IED_2022_ESCOLAS.zip,https://download.inep.gov.br/informacoes_estatisticas/indicadores_educacionais/2022/IED_2022_ESCOLAS.zip,https://www.gov.br/inep/pt-br/acesso-a-informacao/dados-abertos/indicadores-educacionais/esforco-docente/2022,,2026-09-30
IED_2022_MUNICIPIOS.zip,https://download.inep.gov.br/informacoes_estatisticas/indicadores_educacionais/2022/IED_2022_MUNICIPIOS.zip,https://www.gov.br/inep/pt-br/acesso-a-informacao/dados-abertos/indicadores-educacionais/esforco-docente/2022,,2026-09-30
IED_2023_BRASIL_REGIOES_UFS.zip,https://download.inep.gov.br/informacoes_estatisticas/indicadores_educacionais/2023/IED_2023_BRASIL_REGIOES_UFS.zip,https://www.gov.br/inep/pt-br/acesso-a-informacao/dados-abertos/indicadores-educacionais/esforco-docente/2023,22/02/2024 13h24,2026-09-30
IED_2023_ESCOLAS.zip,https://download.inep.gov.br/informacoes_estatisticas/indicadores_educacionais/2023/IED_2023_ESCOLAS.zip,https://www.gov.br/inep/pt-br/acesso-a-informacao/dados-abertos/indicadores-educacionais/esforco-docente/2023,22/02/2024 13h24,2026-09-30
IED_2023_MUNICIPIOS.zip,https://download.inep.gov.br/informacoes_estatisticas/indicadores_educacionais/2023/IED_2023_MUNICIPIOS.zip,https://www.gov.br/inep/pt-br/acesso-a-informacao/dados-abertos/indicadores-educacionais/esforco-docente/2023,22/02/2024 13h24,2026-09-30
IED_2024_BRASIL_REGIOES_UFS.zip,https://download.inep.gov.br/informacoes_estatisticas/indicadores_educacionais/2024/IED_2024_BRASIL_REGIOES_UFS.zip,https://www.gov.br/inep/pt-br/acesso-a-informacao/dados-abertos/indicadores-educacionais/esforco-docente/2024,,2026-09-30
IED_2024_ESCOLAS.zip,https://download.inep.gov.br/informacoes_estatisticas/indicadores_educacionais/2024/IED_2024_ESCOLAS.zip,https://www.gov.br/inep/pt-br/acesso-a-informacao/dados-abertos/indicadores-educacionais/esforco-docente/2024,,2026-09-30
IED_2024_MUNICIPIOS.zip,https://download.inep.gov.br/informacoes_estatisticas/indicadores_educacionais/2024/IED_2024_MUNICIPIOS.zip,https://www.gov.br/inep/pt-br/acesso-a-informacao/dados-abertos/indicadores-educacionais/esforco-docente/2024,,2026-09-30
IED_2025_BRASIL_REGIOES_UFS.zip,https://download.inep.gov.br/informacoes_estatisticas/indicadores_educacionais/2025/IED_2025_BRASIL_REGIOES_UFS.zip,https://www.gov.br/inep/pt-br/acesso-a-informacao/dados-abertos/indicadores-educacionais/esforco-docente/2025,,2026-09-30
IED_2025_ESCOLAS.zip,https://download.inep.gov.br/informacoes_estatisticas/indicadores_educacionais/2025/IED_2025_ESCOLAS.zip,https://www.gov.br/inep/pt-br/acesso-a-informacao/dados-abertos/indicadores-educacionais/esforco-docente/2025,,2026-09-30
IED_2025_MUNICIPIOS.zip,https://download.inep.gov.br/informacoes_estatisticas/indicadores_educacionais/2025/IED_2025_MUNICIPIOS.zip,https://www.gov.br/inep/pt-br/acesso-a-informacao/dados-abertos/indicadores-educacionais/esforco-docente/2025,,2026-09-30
TDI_2019_BRASIL_REGIOES_UFS.zip,https://download.inep.gov.br/informacoes_estatisticas/indicadores_educacionais/2019/TDI_2019_BRASIL_REGIOES_UFS.zip,https://www.gov.br/inep/pt-br/acesso-a-informacao/dados-abertos/indicadores-educacionais/taxas-de-distorcao-idade-serie/2019,14/12/2020 15h23,2026-09-30
TDI_2019_ESCOLAS.zip,https://download.inep.gov.br/informacoes_estatisticas/indicadores_educacionais/2019/TDI_2019_ESCOLAS.zip,https://www.gov.br/inep/pt-br/acesso-a-informacao/dados-abertos/indicadores-educacionais/taxas-de-distorcao-idade-serie/2019,14/12/2020 15h23,2026-09-30
TDI_2019_MUNICIPIOS.zip,https://download.inep.gov.br/informacoes_estatisticas/indicadores_educacionais/2019/TDI_2019_MUNICIPIOS.zip,https://www.gov.br/inep/pt-br/acesso-a-informacao/dados-abertos/indicadores-educacionais/taxas-de-distorcao-idade-serie/2019,14/12/2020 15h23,2026-09-30
TDI_2020_BRASIL_REGIOES_UFS.zip,https://download.inep.gov.br/informacoes_estatisticas/indicadores_educacionais/2020/TDI_2020_BRASIL_REGIOES_UFS.zip,https://www.gov.br/inep/pt-br/acesso-a-informacao/dados-abertos/indicadores-educacionais/taxas-de-distorcao-idade-serie/2020,29/01/2021 09h34,2026-09-30
TDI_2020_ESCOLAS.zip,https://download.inep.gov.br/informacoes_estatisticas/indicadores_educacionais/2020/TDI_2020_ESCOLAS.zip,https://www.gov.br/inep/pt-br/acesso-a-informacao/dados-abertos/indicadores-educacionais/taxas-de-distorcao-idade-serie/2020,29/01/2021 09h34,2026-09-30
TDI_2020_MUNICIPIOS.zip,https://download.inep.gov.br/informacoes_estatisticas/indicadores_educacionais/2020/TDI_2020_MUNICIPIOS.zip,https://www.gov.br/inep/pt-br/acesso-a-informacao/dados-abertos/indicadores-educacionais/taxas-de-distorcao-idade-serie/2020,29/01/2021 09h34,2026-09-30
TDI_2021_BRASIL_REGIOES_UFS.zip,https://download.inep.gov.br/informacoes_estatisticas/indicadores_educacionais/2021/TDI_2021_BRASIL_REGIOES_UFS.zip,https://www.gov.br/inep/pt-br/acesso-a-informacao/dados-abertos/indicadores-educacionais/taxas-de-distorcao-idade-serie/2021,,2026-09-30
TDI_2021_ESCOLAS.zip,https://download.inep.gov.br/informacoes_estatisticas/indicadores_educacionais/2021/TDI_2021_ESCOLAS.zip,https://www.gov.br/inep/pt-br/acesso-a-informacao/dados-abertos/indicadores-educacionais/taxas-de-distorcao-idade-serie/2021,,2026-09-30
TDI_2021_MUNICIPIOS.zip,https://download.inep.gov.br/informacoes_estatisticas/indicadores_educacionais/2021/TDI_2021_MUNICIPIOS.zip,https://www.gov.br/inep/pt-br/acesso-a-informacao/dados-abertos/indicadores-educacionais/taxas-de-distorcao-idade-serie/2021,,2026-09-30
TDI_2022_BRASIL_REGIOES_UFS.zip,https://download.inep.gov.br/informacoes_estatisticas/indicadores_educacionais/2022/TDI_2022_BRASIL_REGIOES_UFS.zip,https://www.gov.br/inep/pt-br/acesso-a-informacao/dados-abertos/indicadores-educacionais/taxas-de-distorcao-idade-serie/2022,,2026-09-30
TDI_2022_ESCOLAS.zip,https://download.inep.gov.br/informacoes_estatisticas/indicadores_educacionais/2022/TDI_2022_ESCOLAS.zip,https://www.gov.br/inep/pt-br/acesso-a-informacao/dados-abertos/indicadores-educacionais/taxas-de-distorcao-idade-serie/2022,,2026-09-30
TDI_2022_MUNICIPIOS.zip,https://download.inep.gov.br/informacoes_estatisticas/indicadores_educacionais/2022/TDI_2022_MUNICIPIOS.zip,https://www.gov.br/inep/pt-br/acesso-a-informacao/dados-abertos/indicadores-educacionais/taxas-de-distorcao-idade-serie/2022,,2026-09-30
TDI_2023_BRASIL_REGIOES_UFS.zip,https://download.inep.gov.br/informacoes_estatisticas/indicadores_educacionais/2023/TDI_2023_BRASIL_REGIOES_UFS.zip,https://www.gov.br/inep/pt-br/acesso-a-informacao/dados-abertos/indicadores-educacionais/taxas-de-distorcao-idade-serie/2023,22/02/2024 13h26,2026-09-30
TDI_2023_ESCOLAS.zip,https://download.inep.gov.br/informacoes_estatisticas/indicadores_educacionais/2023/TDI_2023_ESCOLAS.zip,https://www.gov.br/inep/pt-br/acesso-a-informacao/dados-abertos/indicadores-educacionais/taxas-de-distorcao-idade-serie/2023,22/02/2024 13h26,2026-09-30
TDI_2023_MUNICIPIOS.zip,https://download.inep.gov.br/informacoes_estatisticas/indicadores_educacionais/2023/TDI_2023_MUNICIPIOS.zip,https://www.gov.br/inep/pt-br/acesso-a-informacao/dados-abertos/indicadores-educacionais/taxas-de-distorcao-idade-serie/2023,22/02/2024 13h26,2026-09-30
TDI_2024_BRASIL_REGIOES_UFS.zip,https://download.inep.gov.br/informacoes_estatisticas/indicadores_educacionais/2024/TDI_2024_BRASIL_REGIOES_UFS.zip,https://www.gov.br/inep/pt-br/acesso-a-informacao/dados-abertos/indicadores-educacionais/taxas-de-distorcao-idade-serie/2024,,2026-09-30
TDI_2024_ESCOLAS.zip,https://download.inep.gov.br/informacoes_estatisticas/indicadores_educacionais/2024/TDI_2024_ESCOLAS.zip,https://www.gov.br/inep/pt-br/acesso-a-informacao/dados-abertos/indicadores-educacionais/taxas-de-distorcao-idade-serie/2024,,2026-09-30
TDI_2024_MUNICIPIOS.zip,https://download.inep.gov.br/informacoes_estatisticas/indicadores_educacionais/2024/TDI_2024_MUNICIPIOS.zip,https://www.gov.br/inep/pt-br/acesso-a-informacao/dados-abertos/indicadores-educacionais/taxas-de-distorcao-idade-serie/2024,,2026-09-30
TDI_2025_BRASIL_REGIOES_UFS.zip,https://download.inep.gov.br/informacoes_estatisticas/indicadores_educacionais/2025/TDI_2025_BRASIL_REGIOES_UFS.zip,https://www.gov.br/inep/pt-br/acesso-a-informacao/dados-abertos/indicadores-educacionais/taxas-de-distorcao-idade-serie/2025,,2026-09-30
TDI_2025_ESCOLAS.zip,https://download.inep.gov.br/informacoes_estatisticas/indicadores_educacionais/2025/TDI_2025_ESCOLAS.zip,https://www.gov.br/inep/pt-br/acesso-a-informacao/dados-abertos/indicadores-educacionais/taxas-de-distorcao-idade-serie/2025,,2026-09-30
TDI_2025_MUNICIPIOS.zip,https://download.inep.gov.br/informacoes_estatisticas/indicadores_educacionais/2025/TDI_2025_MUNICIPIOS.zip,https://www.gov.br/inep/pt-br/acesso-a-informacao/dados-abertos/indicadores-educacionais/taxas-de-distorcao-idade-serie/2025,,2026-09-30
microdados_censo_escolar_2019.zip,https://download.inep.gov.br/dados_abertos/microdados_censo_escolar_2019.zip,https://www.gov.br/inep/pt-br/acesso-a-informacao/dados-abertos/microdados/censo-escolar,Atualizado em 8/3/2023,2026-09-30
microdados_censo_escolar_2020.zip,https://download.inep.gov.br/dados_abertos/microdados_censo_escolar_2020.zip,https://www.gov.br/inep/pt-br/acesso-a-informacao/dados-abertos/microdados/censo-escolar,Atualizado em 8/3/2023,2026-09-30
microdados_censo_escolar_2021.zip,https://download.inep.gov.br/dados_abertos/microdados_censo_escolar_2021.zip,https://www.gov.br/inep/pt-br/acesso-a-informacao/dados-abertos/microdados/censo-escolar,Atualizado em 8/3/2023,2026-09-30
microdados_censo_escolar_2022.zip,https://download.inep.gov.br/dados_abertos/microdados_censo_escolar_2022.zip,https://www.gov.br/inep/pt-br/acesso-a-informacao/dados-abertos/microdados/censo-escolar,,2026-09-30
microdados_censo_escolar_2023.zip,https://download.inep.gov.br/dados_abertos/microdados_censo_escolar_2023.zip,https://www.gov.br/inep/pt-br/acesso-a-informacao/dados-abertos/microdados/censo-escolar,,2026-09-30
microdados_censo_escolar_2024.zip,https://download.inep.gov.br/dados_abertos/microdados_censo_escolar_2024.zip,https://www.gov.br/inep/pt-br/acesso-a-informacao/dados-abertos/microdados/censo-escolar,,2026-09-30
microdados_censo_escolar_2025_.zip,https://download.inep.gov.br/dados_abertos/microdados_censo_escolar_2025_.zip,https://www.gov.br/inep/pt-br/acesso-a-informacao/dados-abertos/microdados/censo-escolar,Documento atualizado em julho/2026,2026-09-30
tx_rend_brasil_regioes_ufs_2019.zip,https://download.inep.gov.br/informacoes_estatisticas/indicadores_educacionais/2019/tx_rend_brasil_regioes_ufs_2019.zip,https://www.gov.br/inep/pt-br/acesso-a-informacao/dados-abertos/indicadores-educacionais/taxas-de-rendimento-escolar/2019,19/05/2023 11h41,2026-09-30
tx_rend_brasil_regioes_ufs_2020.zip,https://download.inep.gov.br/informacoes_estatisticas/indicadores_educacionais/2020/tx_rend_brasil_regioes_ufs_2020.zip,https://www.gov.br/inep/pt-br/acesso-a-informacao/dados-abertos/indicadores-educacionais/taxas-de-rendimento-escolar/2020,19/05/2023 11h41,2026-09-30
tx_rend_brasil_regioes_ufs_2021.zip,https://download.inep.gov.br/informacoes_estatisticas/indicadores_educacionais/2021/tx_rend_brasil_regioes_ufs_2021.zip,https://www.gov.br/inep/pt-br/acesso-a-informacao/dados-abertos/indicadores-educacionais/taxas-de-rendimento-escolar/2021,19/07/2023 14h36,2026-09-30
tx_rend_brasil_regioes_ufs_2022.zip,https://download.inep.gov.br/informacoes_estatisticas/indicadores_educacionais/2022/tx_rend_brasil_regioes_ufs_2022.zip,https://www.gov.br/inep/pt-br/acesso-a-informacao/dados-abertos/indicadores-educacionais/taxas-de-rendimento-escolar/2022,19/05/2023 14h08,2026-09-30
tx_rend_brasil_regioes_ufs_2023.zip,https://download.inep.gov.br/informacoes_estatisticas/indicadores_educacionais/2023/tx_rend_brasil_regioes_ufs_2023.zip,https://www.gov.br/inep/pt-br/acesso-a-informacao/dados-abertos/indicadores-educacionais/taxas-de-rendimento-escolar/2023,,2026-09-30
tx_rend_brasil_regioes_ufs_2024.zip,https://download.inep.gov.br/informacoes_estatisticas/indicadores_educacionais/2024/tx_rend_brasil_regioes_ufs_2024.zip,https://www.gov.br/inep/pt-br/acesso-a-informacao/dados-abertos/indicadores-educacionais/taxas-de-rendimento-escolar/2024,,2026-09-30
tx_rend_escolas_2019.zip,https://download.inep.gov.br/informacoes_estatisticas/indicadores_educacionais/2019/tx_rend_escolas_2019.zip,https://www.gov.br/inep/pt-br/acesso-a-informacao/dados-abertos/indicadores-educacionais/taxas-de-rendimento-escolar/2019,19/05/2023 11h41,2026-09-30
tx_rend_escolas_2020.zip,https://download.inep.gov.br/informacoes_estatisticas/indicadores_educacionais/2020/tx_rend_escolas_2020.zip,https://www.gov.br/inep/pt-br/acesso-a-informacao/dados-abertos/indicadores-educacionais/taxas-de-rendimento-escolar/2020,19/05/2023 11h41,2026-09-30
tx_rend_escolas_2021.zip,https://download.inep.gov.br/informacoes_estatisticas/indicadores_educacionais/2021/tx_rend_escolas_2021.zip,https://www.gov.br/inep/pt-br/acesso-a-informacao/dados-abertos/indicadores-educacionais/taxas-de-rendimento-escolar/2021,19/07/2023 14h36,2026-09-30
tx_rend_escolas_2022.zip,https://download.inep.gov.br/informacoes_estatisticas/indicadores_educacionais/2022/tx_rend_escolas_2022.zip,https://www.gov.br/inep/pt-br/acesso-a-informacao/dados-abertos/indicadores-educacionais/taxas-de-rendimento-escolar/2022,19/05/2023 14h08,2026-09-30
tx_rend_escolas_2023.zip,https://download.inep.gov.br/informacoes_estatisticas/indicadores_educacionais/2023/tx_rend_escolas_2023.zip,https://www.gov.br/inep/pt-br/acesso-a-informacao/dados-abertos/indicadores-educacionais/taxas-de-rendimento-escolar/2023,,2026-09-30
tx_rend_escolas_2024.zip,https://download.inep.gov.br/informacoes_estatisticas/indicadores_educacionais/2024/tx_rend_escolas_2024.zip,https://www.gov.br/inep/pt-br/acesso-a-informacao/dados-abertos/indicadores-educacionais/taxas-de-rendimento-escolar/2024,,2026-09-30
tx_rend_escolas_2025.zip,https://download.inep.gov.br/informacoes_estatisticas/indicadores_educacionais/2025/tx_rend_escolas_2025.zip,https://www.gov.br/inep/pt-br/acesso-a-informacao/dados-abertos/indicadores-educacionais/taxas-de-rendimento-escolar/2025,,2026-09-30
tx_rend_municipios_2019.zip,https://download.inep.gov.br/informacoes_estatisticas/indicadores_educacionais/2019/tx_rend_municipios_2019.zip,https://www.gov.br/inep/pt-br/acesso-a-informacao/dados-abertos/indicadores-educacionais/taxas-de-rendimento-escolar/2019,19/05/2023 11h41,2026-09-30
tx_rend_municipios_2020.zip,https://download.inep.gov.br/informacoes_estatisticas/indicadores_educacionais/2020/tx_rend_municipios_2020.zip,https://www.gov.br/inep/pt-br/acesso-a-informacao/dados-abertos/indicadores-educacionais/taxas-de-rendimento-escolar/2020,19/05/2023 11h41,2026-09-30
tx_rend_municipios_2021.zip,https://download.inep.gov.br/informacoes_estatisticas/indicadores_educacionais/2021/tx_rend_municipios_2021.zip,https://www.gov.br/inep/pt-br/acesso-a-informacao/dados-abertos/indicadores-educacionais/taxas-de-rendimento-escolar/2021,19/07/2023 14h36,2026-09-30
tx_rend_municipios_2022.zip,https://download.inep.gov.br/informacoes_estatisticas/indicadores_educacionais/2022/tx_rend_municipios_2022.zip,https://www.gov.br/inep/pt-br/acesso-a-informacao/dados-abertos/indicadores-educacionais/taxas-de-rendimento-escolar/2022,19/05/2023 14h08,2026-09-30
tx_rend_municipios_2023.zip,https://download.inep.gov.br/informacoes_estatisticas/indicadores_educacionais/2023/tx_rend_municipios_2023.zip,https://www.gov.br/inep/pt-br/acesso-a-informacao/dados-abertos/indicadores-educacionais/taxas-de-rendimento-escolar/2023,,2026-09-30
tx_rend_municipios_2024.zip,https://download.inep.gov.br/informacoes_estatisticas/indicadores_educacionais/2024/tx_rend_municipios_2024.zip,https://www.gov.br/inep/pt-br/acesso-a-informacao/dados-abertos/indicadores-educacionais/taxas-de-rendimento-escolar/2024,,2026-09-30
tx_rend_municipios_2025.zip,https://download.inep.gov.br/informacoes_estatisticas/indicadores_educacionais/2025/tx_rend_municipios_2025.zip,https://www.gov.br/inep/pt-br/acesso-a-informacao/dados-abertos/indicadores-educacionais/taxas-de-rendimento-escolar/2025,,2026-09-30
